employee_id,first_name,last_name,email,phone_number,department,hire_date,salary,manager_id,office_location
1,Hermia,Van Son,hvanson0@123-reg.co.uk,350-558-1675,HR,4/11/2012,124502.37,1,2nd Floor
2,Walton,Napoleon,wnapoleon1@g.co,717-363-8969,HR,5/19/2018,71608.71,2,PO Box 47198
3,Bambie,Leger,bleger2@squidoo.com,423-331-9725,HR,6/6/2019,104403.11,3,Room 1372
4,Jacinthe,Heersema,jheersema3@amazon.com,872-366-4444,Marketing,4/12/2022,141654.29,4,Suite 88
5,Chane,Bather,cbather4@sohu.com,448-297-2466,HR,4/14/2012,46616.57,5,Suite 1
6,Anabel,Merry,amerry5@sun.com,715-639-8678,Finance,5/13/2014,38510.78,6,Room 1939
7,Roxane,Zannutti,rzannutti6@oracle.com,618-372-5138,Sales,3/28/2016,94077.23,7,PO Box 89069
8,Krista,Masding,kmasding7@ow.ly,106-771-4332,Marketing,6/21/2003,112471.21,8,Apt 1431
9,Husein,Stapley,hstapley8@edublogs.org,387-442-8271,Finance,8/11/2000,52934.15,9,Suite 52
10,Flore,Wardrop,fwardrop9@si.edu,825-518-5665,Finance,7/12/2017,100549.61,10,Apt 1540
11,Sullivan,Nevinson,snevinsona@reddit.com,607-688-5870,IT,2/1/2005,131754.94,11,Room 760
12,Huntlee,Badrock,hbadrockb@unicef.org,699-122-6035,Marketing,11/30/2006,122289.43,12,PO Box 73951
13,Nicol,Sutherland,nsutherlandc@ucoz.ru,897-940-6913,IT,8/30/2015,111660.85,13,PO Box 12008
14,Candace,Dorney,cdorneyd@blogtalkradio.com,174-878-0915,IT,7/15/2012,74637.37,14,Suite 38
15,Immanuel,Keiley,ikeileye@cpanel.net,762-756-6949,Sales,1/23/2011,59302.44,15,Apt 766
16,Benedetto,Yeowell,byeowellf@google.cn,829-520-5400,HR,11/11/2021,128040.41,16,18th Floor
17,Rosamond,Stritton,rstrittong@jalbum.net,140-134-4331,IT,1/7/2005,66067.32,17,Room 981
18,Jeremy,Roll,jrollh@addthis.com,653-572-3119,HR,11/15/2015,123196.18,18,Apt 713
19,Eirena,Lashmar,elashmari@bing.com,380-896-1062,Marketing,12/5/2020,87953.36,19,PO Box 37054
20,Gunar,Swancott,gswancottj@wired.com,178-695-4726,HR,4/21/2013,141320.43,20,Room 1937
21,Monroe,Thomel,mthomelk@simplemachines.org,978-785-2042,Marketing,12/8/2008,79479.72,21,Room 812
22,Jillayne,Godby,jgodbyl@histats.com,863-708-8734,Marketing,1/10/2001,128951.55,22,Apt 1028
23,Willdon,Gowen,wgowenm@samsung.com,296-425-2169,IT,12/6/2014,47642.45,23,Apt 407
24,Moina,Eastcott,meastcottn@weebly.com,112-269-5071,Finance,1/30/2000,33034.84,24,Room 1413
25,Kit,Swateridge,kswateridgeo@i2i.jp,541-271-7455,HR,6/7/2013,148621.98,25,20th Floor
26,Rorie,Red,rredp@reverbnation.com,196-652-1176,Marketing,4/5/2004,118828.44,26,9th Floor
27,Gallagher,Detoc,gdetocq@msu.edu,494-589-7046,Finance,1/13/2005,119371.35,27,Suite 66
28,Nananne,MacAnespie,nmacanespier@state.gov,850-646-8381,Finance,4/1/2007,127363.05,28,Room 1039
29,Briana,Ioannidis,bioannidiss@wisc.edu,575-758-8979,IT,6/10/2001,117885.13,29,2nd Floor
30,Opal,Artiss,oartisst@slashdot.org,426-216-2142,IT,12/16/2012,55097.14,30,PO Box 86447
31,Derry,Boddice,dboddiceu@hao123.com,813-186-3241,Finance,8/18/2022,84017.67,31,Suite 10
32,Jelene,Churchin,jchurchinv@deviantart.com,645-547-6276,IT,12/8/2007,145340.42,32,PO Box 27503
33,Carleton,Stepto,csteptow@cnn.com,159-972-1183,Marketing,9/14/2010,102189.38,33,Suite 14
34,Ezechiel,Schnitter,eschnitterx@wordpress.org,495-252-6018,IT,12/6/2018,75285.42,34,Apt 456
35,Lloyd,Mehaffey,lmehaffeyy@adobe.com,715-563-4211,Sales,12/30/2022,138290.06,35,Apt 154
36,Goober,Speake,gspeakez@rambler.ru,873-595-4351,HR,11/13/2010,123286.11,36,Apt 1016
37,Vasily,Raulstone,vraulstone10@prnewswire.com,989-418-0201,IT,2/4/2004,67489.46,37,PO Box 52454
38,Avictor,Henrie,ahenrie11@multiply.com,235-721-5188,Marketing,11/2/2005,82132.47,38,Room 401
39,Mahalia,Kermon,mkermon12@china.com.cn,579-290-9216,HR,6/26/2019,129578.63,39,19th Floor
40,Lavinie,Fenech,lfenech13@g.co,701-365-4036,HR,4/1/2013,149402.18,40,Suite 12
41,Lisetta,Boutton,lboutton14@un.org,454-568-7078,Marketing,9/14/2003,149691.69,41,Suite 38
42,Layney,Ollarenshaw,lollarenshaw15@xrea.com,122-847-7813,IT,4/9/2016,68691.56,42,Suite 11
43,Cchaddie,McLeese,cmcleese16@ca.gov,642-392-0197,HR,10/23/2016,56076.29,43,Apt 819
44,Lucita,Hernik,lhernik17@google.it,394-637-2252,HR,10/6/2019,52198.09,44,Room 569
45,Grady,Brunsdon,gbrunsdon18@surveymonkey.com,268-726-6816,HR,12/9/2016,31860.62,45,12th Floor
46,Antoni,Mears,amears19@nydailynews.com,440-648-1699,Marketing,11/7/2021,60808.95,46,Room 436
47,Jefferson,Sheridan,jsheridan1a@netlog.com,462-638-9563,Sales,4/7/2004,75199.11,47,PO Box 3340
48,Aksel,Dadswell,adadswell1b@tamu.edu,890-642-9206,Finance,1/29/2012,31639.0,48,Apt 660
49,Lindsey,Wainwright,lwainwright1c@netvibes.com,447-962-4946,Sales,11/13/2008,98783.92,49,Room 632
50,Jesse,Miner,jminer1d@yahoo.co.jp,282-183-7695,Finance,2/3/2020,144523.74,50,18th Floor
51,Willie,Turneaux,wturneaux1e@posterous.com,393-790-1225,Finance,2/14/2012,32207.81,51,18th Floor
52,Debor,Bindley,dbindley1f@marketwatch.com,726-601-4452,Sales,7/29/2002,44840.16,52,4th Floor
53,Nadine,Youings,nyouings1g@bloglines.com,679-646-3386,IT,7/21/2001,45704.4,53,Apt 900
54,Fax,Fattorini,ffattorini1h@indiatimes.com,774-833-4357,Finance,5/23/2017,97355.77,54,Suite 13
55,Jarrad,Matteris,jmatteris1i@netscape.com,286-497-4567,IT,3/9/2003,126968.64,55,Suite 18
56,Zarla,Miell,zmiell1j@jiathis.com,527-162-4171,Finance,1/24/2003,57501.04,56,Room 1188
57,Fonzie,Jobes,fjobes1k@ehow.com,861-414-2998,HR,6/25/2017,143498.65,57,5th Floor
58,Dave,Kahane,dkahane1l@yolasite.com,955-359-2695,Sales,4/16/2003,86417.14,58,19th Floor
59,Rowney,O'Lenane,rolenane1m@jalbum.net,479-533-3790,HR,5/3/2019,34794.56,59,Room 218
60,Jo ann,Jessard,jjessard1n@unesco.org,360-893-9918,Finance,9/19/2013,64377.74,60,Room 710
61,Gradey,Thickins,gthickins1o@booking.com,537-860-5549,Finance,7/26/2005,40485.47,61,Apt 169
62,Lira,Phythien,lphythien1p@sphinn.com,682-807-1267,Sales,1/13/2022,82757.79,62,Room 1720
63,Nolly,Allin,nallin1q@microsoft.com,594-558-6178,IT,11/21/2014,56827.91,63,PO Box 13907
64,Electra,Hickin,ehickin1r@hexun.com,711-179-1849,Marketing,10/31/2014,57314.81,64,Suite 7
65,Raquel,Colby,rcolby1s@nih.gov,751-288-3873,IT,7/3/2021,38993.32,65,Room 1499
66,Alvinia,Spriddle,aspriddle1t@examiner.com,223-154-1406,Finance,12/25/2007,124798.43,66,Suite 79
67,Rycca,Dorrance,rdorrance1u@infoseek.co.jp,324-786-2901,IT,5/15/2006,50469.88,67,Room 1228
68,Dulcy,Yetton,dyetton1v@squarespace.com,438-402-1859,HR,12/30/2014,47444.75,68,Room 37
69,Ambur,Lardnar,alardnar1w@accuweather.com,462-713-1068,Finance,12/13/2022,60806.91,69,Suite 78
70,Cornie,Cuniam,ccuniam1x@dell.com,545-954-1907,Sales,12/16/2015,52548.03,70,Room 1434
71,Deborah,Ebbs,debbs1y@ameblo.jp,629-555-0055,Marketing,6/7/2021,139938.64,71,Suite 70
72,Oralla,Thickpenny,othickpenny1z@usnews.com,838-161-6658,Sales,8/20/2006,79361.21,72,PO Box 31741
73,Angelina,Coulson,acoulson20@businessweek.com,240-290-9114,Sales,3/24/2012,30396.43,73,Room 1409
74,Maury,Galliver,mgalliver21@sbwire.com,212-210-8004,Finance,3/6/2016,136144.32,74,PO Box 10251
75,Amerigo,Custance,acustance22@google.it,804-679-3140,Marketing,10/15/2014,30601.55,75,10th Floor
76,Xenia,Buckles,xbuckles23@umn.edu,755-426-3722,Finance,4/25/2021,38157.74,76,PO Box 64976
77,Hedda,Courage,hcourage24@wiley.com,112-976-9970,Sales,10/8/2008,51778.82,77,Room 1058
78,Emmalyn,Cammell,ecammell25@digg.com,798-828-3583,HR,9/15/2020,48016.74,78,Suite 65
79,Betty,McQuillen,bmcquillen26@ftc.gov,653-622-0956,Finance,5/23/2019,107141.63,79,Suite 15
80,Maury,Pegram,mpegram27@mlb.com,725-884-7345,Finance,1/8/2006,66928.57,80,PO Box 20224
81,Jeanette,Crowche,jcrowche28@webeden.co.uk,291-563-3956,Sales,10/15/2006,61374.82,81,PO Box 54743
82,Norbie,Launder,nlaunder29@youku.com,694-827-5944,Marketing,4/26/2018,149287.59,82,Room 1372
83,Dyane,Vasilyev,dvasilyev2a@ask.com,824-399-9904,Marketing,7/15/2019,40942.94,83,PO Box 789
84,Gerty,Capineer,gcapineer2b@uiuc.edu,757-729-6599,Marketing,2/20/2002,30887.35,84,Apt 182
85,Kiley,Gasker,kgasker2c@uiuc.edu,638-867-2837,Finance,1/5/2012,46222.46,85,PO Box 25280
86,Camel,Cordel,ccordel2d@unblog.fr,170-709-7426,Marketing,10/4/2010,80379.28,86,Suite 6
87,Dorella,Westerman,dwesterman2e@friendfeed.com,460-329-0385,Sales,12/5/2003,61086.63,87,20th Floor
88,Darryl,McAusland,dmcausland2f@loc.gov,965-225-0438,HR,4/24/2000,57715.91,88,PO Box 90734
89,Lydia,Wisniowski,lwisniowski2g@admin.ch,749-675-0858,IT,6/7/2011,107622.77,89,Room 648
90,Georgy,Newbury,gnewbury2h@drupal.org,766-810-4841,HR,9/15/2011,71827.11,90,18th Floor
91,Irvine,Raun,iraun2i@state.tx.us,682-978-4511,IT,3/24/2004,126509.65,91,Apt 284
92,Ev,Pitcock,epitcock2j@ucla.edu,918-714-9031,Finance,8/21/2003,67324.71,92,Room 1714
93,Shelley,Braxton,sbraxton2k@theguardian.com,338-691-2769,Finance,12/6/2016,110213.44,93,PO Box 28886
94,Greer,Dagon,gdagon2l@google.co.jp,803-264-3634,IT,6/4/2010,139317.75,94,Room 1039
95,Konstantine,Snar,ksnar2m@hao123.com,843-170-2138,Marketing,10/14/2022,57145.33,95,Room 1504
96,Elyse,Wilmore,ewilmore2n@mlb.com,981-302-1661,Sales,1/6/2005,115997.03,96,Suite 63
97,Frasquito,Tyer,ftyer2o@ow.ly,128-234-6024,Marketing,11/8/2005,43765.03,97,Apt 1061
98,Audry,Mityushin,amityushin2p@elpais.com,539-860-3072,HR,5/15/2022,62497.51,98,PO Box 33205
99,Diego,Adcocks,dadcocks2q@ucoz.com,883-125-7116,HR,2/14/2015,90907.08,99,PO Box 87433
100,Lester,Hanner,lhanner2r@answers.com,732-439-4429,Marketing,9/1/2002,95008.06,100,PO Box 94215
101,Clio,Bamlett,cbamlett2s@usatoday.com,846-580-7795,Marketing,8/13/2019,91076.39,101,Room 1130
102,Cicily,Ayree,cayree2t@hostgator.com,468-294-9042,Marketing,4/3/2007,119579.85,102,10th Floor
103,Keven,Hennington,khennington2u@networkadvertising.org,905-792-1225,Sales,12/8/2006,81871.97,103,Room 597
104,Walton,Fortnam,wfortnam2v@biblegateway.com,427-369-4046,HR,11/28/2011,80814.93,104,Suite 13
105,Blake,Jiras,bjiras2w@youku.com,258-383-6082,Sales,3/4/2003,35211.68,105,PO Box 32730
106,Herschel,O'Riordan,horiordan2x@infoseek.co.jp,662-712-9330,Sales,12/24/2019,123208.95,106,Room 591
107,Darill,Itzak,ditzak2y@ebay.com,487-922-3503,Marketing,9/9/2002,39847.92,107,Apt 1452
108,Merlina,Chritchley,mchritchley2z@naver.com,172-183-2406,Finance,9/9/2005,32196.92,108,PO Box 12057
109,Layne,Slader,lslader30@amazon.co.uk,340-566-3569,HR,1/11/2021,147410.21,109,Apt 541
110,Emilio,Smissen,esmissen31@blinklist.com,319-583-8031,HR,5/11/2014,132824.66,110,PO Box 54580
111,Helen,Morillas,hmorillas32@eventbrite.com,748-335-1975,Finance,4/6/2016,41627.77,111,PO Box 26701
112,Anatole,Schade,aschade33@huffingtonpost.com,415-202-5290,HR,8/1/2000,47255.54,112,PO Box 17747
113,Eda,Earwicker,eearwicker34@sciencedirect.com,910-445-4924,Marketing,11/13/2021,57338.12,113,7th Floor
114,Arlene,Greengrass,agreengrass35@discuz.net,993-838-8580,Sales,6/16/2004,51966.53,114,PO Box 30373
115,Muriel,Billingsly,mbillingsly36@ask.com,940-505-6521,Finance,5/24/2005,38106.7,115,8th Floor
116,Inglebert,Alywin,ialywin37@ocn.ne.jp,589-266-3991,IT,5/29/2004,52345.63,116,PO Box 66799
117,Roderick,Rush,rrush38@ox.ac.uk,788-239-4781,Sales,12/2/2001,35699.1,117,Suite 13
118,Alissa,Gowen,agowen39@comsenz.com,513-746-1299,HR,12/1/2003,84173.52,118,Suite 70
119,Braden,Ives,bives3a@nbcnews.com,660-497-9806,HR,2/18/2007,66777.89,119,PO Box 14393
120,Kayley,Shilleto,kshilleto3b@nba.com,237-368-4358,Marketing,12/2/2003,80676.58,120,PO Box 18277
121,Heath,Cutchie,hcutchie3c@drupal.org,105-906-4278,IT,3/22/2000,104503.91,121,1st Floor
122,Newton,Crutchfield,ncrutchfield3d@creativecommons.org,105-581-1806,Finance,11/5/2000,145792.09,122,Apt 420
123,Janeva,Lockyer,jlockyer3e@elegantthemes.com,500-838-8129,HR,6/5/2005,142803.79,123,PO Box 7538
124,Britte,Rymell,brymell3f@altervista.org,119-725-7036,IT,7/10/2007,138909.48,124,Suite 74
125,Sigismund,Deme,sdeme3g@51.la,255-633-5453,Sales,3/29/2010,121345.36,125,2nd Floor
126,Dionisio,Klaggeman,dklaggeman3h@ihg.com,443-323-0151,Sales,8/30/2010,144485.21,126,Room 1342
127,Sigrid,Dowderswell,sdowderswell3i@nps.gov,223-218-5760,HR,1/22/2005,72846.41,127,Apt 358
128,Bernette,Deignan,bdeignan3j@macromedia.com,908-592-4194,Marketing,4/12/2015,40442.14,128,Suite 8
129,Gregorius,Leither,gleither3k@marriott.com,573-478-5357,Sales,2/12/2015,128940.15,129,Suite 71
130,Pammi,Fudge,pfudge3l@pcworld.com,480-324-5117,Finance,10/22/2012,36332.1,130,18th Floor
131,Dorrie,Coate,dcoate3m@weibo.com,462-511-5582,HR,6/10/2001,129665.74,131,Apt 435
132,Geneva,Brouwer,gbrouwer3n@unicef.org,153-470-4621,Finance,3/11/2002,94577.27,132,7th Floor
133,Jerrie,Esmonde,jesmonde3o@thetimes.co.uk,224-605-1300,Marketing,9/10/2017,79328.41,133,Apt 206
134,Ryun,Prynne,rprynne3p@ehow.com,736-340-4090,IT,10/2/2020,148203.1,134,Room 468
135,Odetta,Chivrall,ochivrall3q@indiegogo.com,182-211-1927,Finance,5/4/2014,78954.16,135,Suite 91
136,Betteanne,Westmerland,bwestmerland3r@hostgator.com,309-709-4610,Finance,10/7/2000,40608.26,136,9th Floor
137,Earle,Goss,egoss3s@surveymonkey.com,287-386-4160,HR,5/18/2017,45745.59,137,PO Box 7694
138,Tamiko,Stanistrete,tstanistrete3t@hubpages.com,569-524-5802,Marketing,2/26/2003,36147.27,138,Apt 1376
139,Alric,Heinz,aheinz3u@washington.edu,837-119-4943,Marketing,5/20/2012,72353.04,139,Apt 804
140,Nadya,Pelchat,npelchat3v@oracle.com,573-855-7770,Finance,12/30/2013,138084.0,140,Apt 236
141,Jarred,Feldbrin,jfeldbrin3w@flickr.com,743-401-3372,Marketing,9/16/2007,94346.58,141,PO Box 11154
142,Shela,Vallack,svallack3x@moonfruit.com,333-557-6842,Marketing,9/30/2011,72127.31,142,12th Floor
143,Cyndie,Whithorn,cwhithorn3y@sina.com.cn,680-964-3157,Finance,6/22/2022,51278.91,143,14th Floor
144,Edeline,Abell,eabell3z@etsy.com,143-286-2829,Sales,7/18/2008,146227.91,144,PO Box 18623
145,Denyse,Catton,dcatton40@spiegel.de,264-674-9506,Marketing,11/13/2007,124647.02,145,PO Box 1413
146,Colette,Davers,cdavers41@shop-pro.jp,431-288-1059,HR,10/13/2003,31251.78,146,Room 363
147,Nerti,Lovat,nlovat42@bloglines.com,399-522-3520,Marketing,8/21/2015,59630.86,147,Apt 1629
148,Addy,Thomkins,athomkins43@ustream.tv,159-320-1396,Finance,10/1/2020,59627.59,148,16th Floor
149,Tobin,MacAllester,tmacallester44@yolasite.com,247-993-8173,HR,4/25/2011,103998.85,149,Apt 1526
150,Cornie,Bullough,cbullough45@indiegogo.com,637-333-1489,IT,6/22/2017,35534.28,150,Room 401
151,Nehemiah,Matthewson,nmatthewson46@nyu.edu,391-394-7629,IT,2/24/2015,79893.86,151,Apt 1988
152,Lorenzo,Cranny,lcranny47@constantcontact.com,164-990-8869,Sales,6/2/2014,44769.76,152,1st Floor
153,Wilfrid,Bridges,wbridges48@example.com,143-513-9232,Marketing,11/17/2009,42095.86,153,Suite 97
154,Esmeralda,Forlonge,eforlonge49@php.net,469-157-0557,Sales,4/17/2001,105978.31,154,PO Box 24849
155,Tessie,Curlis,tcurlis4a@forbes.com,936-358-2938,Marketing,9/1/2021,72792.42,155,Room 575
156,Aleda,Wollacott,awollacott4b@statcounter.com,931-824-8834,IT,11/13/2012,50695.9,156,Apt 1906
157,Anna-diana,Birchett,abirchett4c@privacy.gov.au,760-425-4673,Sales,8/10/2021,65906.61,157,PO Box 6327
158,Smith,Elstob,selstob4d@hatena.ne.jp,941-331-3306,Sales,11/19/2008,69466.92,158,Room 1448
159,Ariela,Tinniswood,atinniswood4e@bbb.org,875-181-1921,HR,9/22/2019,108873.09,159,Room 1168
160,Nikaniki,Lamboll,nlamboll4f@bandcamp.com,486-349-6538,HR,11/6/2005,125121.96,160,Apt 580
161,Deedee,Ennever,dennever4g@businessweek.com,658-881-1937,Sales,4/22/2003,75653.62,161,PO Box 64554
162,Law,Regus,lregus4h@studiopress.com,695-217-9616,IT,8/18/2022,105433.9,162,Room 1149
163,Mufi,Ashplant,mashplant4i@latimes.com,429-985-3035,Finance,2/26/2020,132456.13,163,Suite 4
164,Niles,Symonds,nsymonds4j@imdb.com,456-254-8236,Sales,4/1/2018,48592.49,164,Suite 21
165,Rebecca,World,rworld4k@java.com,442-643-2123,Marketing,2/28/2012,91852.69,165,Apt 1228
166,Rick,Feron,rferon4l@sohu.com,201-198-1024,Finance,11/13/2009,59240.31,166,Apt 1000
167,Marillin,Vero,mvero4m@qq.com,460-199-1274,Sales,5/11/2020,34022.4,167,Room 335
168,Teddi,Finnan,tfinnan4n@google.it,502-475-9189,IT,4/24/2002,86937.35,168,Apt 704
169,Felic,Pavlovsky,fpavlovsky4o@ucoz.com,818-423-8916,Sales,5/9/2022,57626.28,169,Apt 1324
170,Kerr,Panons,kpanons4p@jiathis.com,950-838-3937,Finance,5/25/2005,101820.78,170,Suite 94
171,Dana,Hellwig,dhellwig4q@cnn.com,914-999-6488,Marketing,3/2/2000,75200.29,171,Suite 100
172,David,Reace,dreace4r@meetup.com,253-327-0834,HR,10/31/2010,60478.71,172,Room 991
173,Daisi,Adamski,dadamski4s@hugedomains.com,577-968-8284,Marketing,5/6/2000,40917.8,173,Suite 62
174,Corrine,Mariet,cmariet4t@gravatar.com,461-629-9952,Marketing,4/5/2009,136751.66,174,Apt 1557
175,Bevin,Furmston,bfurmston4u@paypal.com,857-575-1461,Finance,3/4/2000,93084.37,175,Room 1693
176,Malvin,Roussel,mroussel4v@a8.net,313-759-0227,Sales,11/10/2013,129634.3,176,PO Box 90216
177,Ninnetta,Ledgley,nledgley4w@jugem.jp,303-439-4642,IT,11/24/2018,127485.52,177,9th Floor
178,Elayne,Longmuir,elongmuir4x@skype.com,406-784-3095,IT,12/24/2000,143964.11,178,Apt 51
179,Lawry,Spieck,lspieck4y@independent.co.uk,933-171-1827,IT,11/27/2000,146223.48,179,Room 1733
180,Roanne,Annets,rannets4z@netscape.com,494-568-2060,HR,4/23/2008,111322.73,180,18th Floor
181,Aldo,Hammer,ahammer50@github.io,314-805-4113,Marketing,4/26/2009,146280.92,181,18th Floor
182,Caitlin,Hablet,chablet51@theglobeandmail.com,178-768-0661,HR,8/23/2012,39803.83,182,Apt 554
183,Rianon,Wartnaby,rwartnaby52@flickr.com,946-565-8991,Finance,10/11/2017,96207.14,183,19th Floor
184,Shermie,Poplee,spoplee53@redcross.org,462-279-4134,Sales,5/12/2010,89675.88,184,Apt 1164
185,Sacha,Spawforth,sspawforth54@posterous.com,771-591-5048,Sales,4/16/2004,64173.54,185,Suite 48
186,Jerri,Trahmel,jtrahmel55@sphinn.com,346-220-8895,Sales,9/23/2018,64306.61,186,Room 28
187,Margie,Mallaby,mmallaby56@xrea.com,496-546-7889,IT,8/6/2010,65302.57,187,10th Floor
188,Trudy,Srawley,tsrawley57@webnode.com,917-523-8666,Marketing,5/14/2000,127220.06,188,Room 179
189,Bartholomeus,Filipponi,bfilipponi58@geocities.com,833-826-4991,HR,12/14/2008,108831.07,189,Suite 53
190,Ermina,Scrowby,escrowby59@shop-pro.jp,209-112-7859,Marketing,10/2/2010,129201.34,190,Room 536
191,Holmes,Buntine,hbuntine5a@senate.gov,404-848-5976,Marketing,3/27/2021,119743.55,191,10th Floor
192,Damon,Mattusov,dmattusov5b@msn.com,246-502-7379,HR,2/21/2008,70462.24,192,Apt 1061
193,Gaby,Lanham,glanham5c@amazonaws.com,370-760-9153,HR,7/5/2007,138731.6,193,Apt 920
194,Dodi,Asquez,dasquez5d@state.tx.us,877-995-7910,IT,11/9/2015,63705.55,194,Apt 1453
195,Nikolia,Hemphill,nhemphill5e@stanford.edu,505-115-8319,IT,5/15/2021,30902.73,195,Suite 93
196,Korrie,Redmond,kredmond5f@wired.com,101-577-1675,IT,3/4/2017,72774.69,196,PO Box 12019
197,Lewes,Leversha,lleversha5g@state.tx.us,772-869-0163,Finance,4/20/2001,56108.61,197,Room 1968
198,Bellanca,Cassella,bcassella5h@fda.gov,297-954-4747,HR,10/27/2013,68624.15,198,Apt 724
199,Shannon,Habberjam,shabberjam5i@bbb.org,410-133-2725,Finance,8/26/2017,42811.12,199,18th Floor
200,Adelheid,Tetsall,atetsall5j@usa.gov,390-999-5197,Finance,1/2/2003,149338.55,200,PO Box 94310
201,Natty,Amsden,namsden5k@e-recht24.de,732-885-4100,IT,8/4/2018,112577.58,201,PO Box 89931
202,Tamarah,Pendergast,tpendergast5l@google.es,129-796-0475,IT,9/20/2007,54539.53,202,Apt 1878
203,Dougy,Pau,dpau5m@furl.net,465-447-6516,Marketing,5/27/2007,140480.72,203,PO Box 35279
204,Rutledge,Brellin,rbrellin5n@thetimes.co.uk,701-939-5709,IT,3/1/2012,111519.98,204,7th Floor
205,Dulciana,Sooper,dsooper5o@tinyurl.com,890-602-8203,IT,6/13/2011,91626.33,205,Apt 1261
206,Loralee,Biggins,lbiggins5p@youku.com,883-497-3697,Finance,12/17/2001,54028.8,206,Suite 68
207,Arel,Freeburn,afreeburn5q@wiley.com,119-572-0451,HR,1/24/2013,82697.24,207,Room 84
208,Carmelia,De-Ville,cdeville5r@weebly.com,235-438-0679,HR,2/11/2001,100790.88,208,15th Floor
209,Cristobal,Ashington,cashington5s@gravatar.com,374-179-3510,Finance,11/28/2014,100689.12,209,Suite 75
210,Lynsey,Sneath,lsneath5t@jiathis.com,905-602-5838,IT,7/6/2011,96983.34,210,Apt 1598
211,Laurie,Caherny,lcaherny5u@ameblo.jp,490-446-0406,Sales,10/25/2015,69055.28,211,Room 333
212,Corine,Bahike,cbahike5v@gizmodo.com,775-211-8442,Sales,8/28/2020,121163.74,212,PO Box 91455
213,Davis,Spratt,dspratt5w@soup.io,372-551-2828,IT,8/26/2019,92118.14,213,PO Box 20710
214,Maiga,Cragoe,mcragoe5x@ucoz.com,801-771-6593,Marketing,6/3/2018,35875.42,214,2nd Floor
215,Matias,Niesel,mniesel5y@123-reg.co.uk,104-255-3058,IT,3/1/2011,132940.38,215,Room 609
216,Raleigh,Cronk,rcronk5z@economist.com,464-563-7602,HR,7/2/2007,111061.24,216,PO Box 92398
217,Vanya,Dumke,vdumke60@sina.com.cn,122-623-5496,IT,8/12/2013,100635.59,217,PO Box 48707
218,Aldon,Villar,avillar61@homestead.com,457-312-3119,IT,4/10/2011,96921.68,218,13th Floor
219,Karlyn,Tott,ktott62@google.de,788-864-0664,Finance,8/20/2015,36888.7,219,Room 1757
220,Evyn,Ferbrache,eferbrache63@epa.gov,846-155-4551,HR,3/22/2003,126730.19,220,7th Floor
221,Nonah,Di Iorio,ndiiorio64@hibu.com,464-478-9726,IT,5/21/2010,149542.81,221,PO Box 82693
222,Ebenezer,MacDirmid,emacdirmid65@tumblr.com,207-227-7039,HR,12/12/2020,95456.35,222,PO Box 48261
223,Nikki,Rodgerson,nrodgerson66@desdev.cn,377-545-4341,HR,4/12/2020,64808.12,223,Suite 57
224,Aindrea,Doughty,adoughty67@forbes.com,787-198-5981,Sales,2/26/2006,102794.45,224,Room 1095
225,Jehanna,Pentycost,jpentycost68@naver.com,750-193-6659,HR,2/8/2016,83125.7,225,Suite 59
226,Morena,Scrivenor,mscrivenor69@yolasite.com,363-436-7732,Finance,8/26/2012,99914.35,226,Suite 43
227,Ashlee,Paute,apaute6a@lycos.com,409-601-5026,IT,12/26/2014,68371.55,227,Suite 69
228,Micki,Witsey,mwitsey6b@newyorker.com,411-154-7615,Marketing,8/30/2011,56990.2,228,Apt 953
229,Valaree,Dombrell,vdombrell6c@arstechnica.com,416-829-4947,Marketing,6/14/2016,41895.41,229,Suite 81
230,Berni,Parradye,bparradye6d@phoca.cz,953-581-0108,Marketing,7/23/2009,36920.27,230,Suite 53
231,Cristie,Lawry,clawry6e@ox.ac.uk,280-185-4378,Marketing,12/18/2015,145591.89,231,Room 763
232,Merralee,Underdown,munderdown6f@behance.net,496-480-4932,Finance,3/4/2012,65185.89,232,Suite 69
233,Myrlene,Spon,mspon6g@jigsy.com,732-965-7522,Sales,4/7/2002,149916.27,233,Apt 1344
234,Dave,Truss,dtruss6h@tripadvisor.com,329-678-1430,Sales,7/20/2015,115335.96,234,PO Box 71230
235,Horatia,McClements,hmcclements6i@blogger.com,975-272-1225,Finance,3/26/2009,61683.18,235,PO Box 76845
236,Thekla,Sargeant,tsargeant6j@businessinsider.com,423-257-1771,Marketing,3/3/2022,94074.54,236,16th Floor
237,Nelia,Rodgman,nrodgman6k@zdnet.com,510-690-3706,HR,6/25/2022,33513.81,237,PO Box 98979
238,Carmella,Heavens,cheavens6l@scribd.com,196-299-6095,Finance,10/5/2019,128177.47,238,Suite 58
239,Frayda,Stables,fstables6m@imageshack.us,267-384-5706,Sales,2/1/2007,143255.87,239,PO Box 35765
240,Yul,Beange,ybeange6n@sakura.ne.jp,916-732-0141,HR,12/2/2002,120435.23,240,Room 83
241,Vida,Eddolls,veddolls6o@imageshack.us,631-439-4122,Finance,12/12/2019,106094.65,241,PO Box 72768
242,Aggy,Molan,amolan6p@stanford.edu,596-891-6205,Finance,10/17/2005,145182.63,242,Apt 1281
243,Ruthann,Landrean,rlandrean6q@shinystat.com,384-391-7389,Marketing,7/23/2009,82018.59,243,Apt 49
244,Hagen,Keaveney,hkeaveney6r@freewebs.com,820-492-0220,IT,3/9/2001,137019.41,244,PO Box 73601
245,Tom,Stormonth,tstormonth6s@wiley.com,726-513-8844,Finance,1/26/2014,148113.52,245,Room 600
246,Nikola,Darkin,ndarkin6t@livejournal.com,790-832-9168,IT,12/16/2015,62554.75,246,PO Box 52269
247,Bertina,Doxsey,bdoxsey6u@discuz.net,211-256-2286,Sales,1/13/2010,112863.55,247,Apt 658
248,Abby,Portlock,aportlock6v@stumbleupon.com,490-691-9200,Marketing,4/8/2021,75400.46,248,Suite 8
249,Sallyann,Maroney,smaroney6w@a8.net,330-685-9076,Sales,10/9/2012,104220.61,249,Suite 43
250,Dorie,Dreossi,ddreossi6x@nbcnews.com,135-411-4122,Sales,5/15/2007,61329.86,250,1st Floor
251,Madelaine,Cammocke,mcammocke6y@smh.com.au,519-540-0840,Marketing,10/1/2012,138192.54,251,PO Box 63175
252,Dinnie,Stannus,dstannus6z@mtv.com,304-895-2191,IT,12/23/2009,109712.38,252,Suite 27
253,Adey,Titta,atitta70@scribd.com,675-141-3552,Finance,3/25/2000,46762.77,253,Apt 1670
254,Michele,Westraw,mwestraw71@wunderground.com,969-691-9755,IT,9/12/2013,47396.71,254,Suite 68
255,Eulalie,Bolles,ebolles72@stumbleupon.com,978-972-7910,Sales,4/4/2005,64947.32,255,19th Floor
256,Teresa,Mieville,tmieville73@prnewswire.com,203-983-6361,IT,2/15/2018,81118.99,256,Room 1493
257,Ingaberg,Ceschi,iceschi74@newsvine.com,485-126-8748,HR,8/16/2006,102187.91,257,Apt 1683
258,Raimund,Perrie,rperrie75@uiuc.edu,792-402-8607,HR,8/22/2005,95570.19,258,Suite 100
259,Chlo,Ferrarello,cferrarello76@columbia.edu,938-724-1647,Marketing,8/28/2001,99097.87,259,Suite 16
260,Kippar,Bissiker,kbissiker77@latimes.com,741-600-8563,Sales,11/7/2018,69501.55,260,PO Box 53015
261,Bethany,Lilburne,blilburne78@ebay.co.uk,270-956-8779,Marketing,9/15/2017,129764.01,261,8th Floor
262,Sharai,Treppas,streppas79@mapy.cz,939-613-3255,Sales,6/14/2010,66360.0,262,PO Box 39851
263,Lorilyn,Mantione,lmantione7a@china.com.cn,392-187-9813,HR,3/6/2003,72667.08,263,Room 133
264,Chevy,Jachimczak,cjachimczak7b@latimes.com,835-837-4788,Marketing,4/26/2015,131982.7,264,Room 187
265,Humfrey,Cesconi,hcesconi7c@usa.gov,353-125-6555,Marketing,10/9/2015,69876.47,265,Suite 77
266,Bridget,Amies,bamies7d@freewebs.com,621-466-8977,IT,7/7/2004,138302.59,266,Suite 28
267,Natalie,Minister,nminister7e@squarespace.com,361-330-6610,HR,9/26/2008,140184.57,267,Suite 13
268,Gayle,Neesham,gneesham7f@gov.uk,540-726-3489,Sales,6/28/2006,94642.15,268,9th Floor
269,Galen,Portch,gportch7g@irs.gov,380-770-3090,HR,8/25/2000,97760.33,269,Apt 1765
270,Mirabella,Plesing,mplesing7h@forbes.com,520-906-4981,IT,10/17/2007,107989.4,270,PO Box 26726
271,Marion,Hully,mhully7i@statcounter.com,978-539-4902,Marketing,3/29/2001,147181.85,271,PO Box 77136
272,Brooks,Burbidge,bburbidge7j@taobao.com,720-819-2869,Marketing,1/26/2003,128840.76,272,Room 311
273,Daria,Dimeloe,ddimeloe7k@whitehouse.gov,640-576-8021,IT,7/1/2015,101531.59,273,Suite 46
274,Annabel,Geddis,ageddis7l@dagondesign.com,282-728-8577,Sales,2/20/2005,120602.14,274,Apt 603
275,Cassaundra,Willingham,cwillingham7m@mit.edu,952-754-8513,HR,1/19/2004,146697.15,275,PO Box 63826
276,Egbert,Snelling,esnelling7n@blog.com,882-871-2167,Finance,8/24/2012,56747.31,276,Suite 79
277,Abdul,McDonogh,amcdonogh7o@networkadvertising.org,310-947-6340,HR,3/31/2005,143615.61,277,Suite 59
278,Felicio,Tudball,ftudball7p@indiegogo.com,662-546-1504,HR,12/26/2003,109183.82,278,Suite 22
279,Iolande,Spitaro,ispitaro7q@wikipedia.org,149-697-4590,Marketing,6/11/2018,92314.46,279,Suite 57
280,Indira,Mincher,imincher7r@hubpages.com,341-663-2242,Marketing,8/26/2014,75540.69,280,Room 1780
281,Shaylyn,Wilbor,swilbor7s@ucsd.edu,758-168-6817,HR,9/23/2001,116446.34,281,11th Floor
282,Shara,Iston,siston7t@list-manage.com,506-138-5511,Sales,4/30/2020,45371.05,282,Apt 1903
283,Talyah,Daldry,tdaldry7u@jugem.jp,218-215-0817,Marketing,10/16/2014,32160.42,283,Room 350
284,Braden,Onge,bonge7v@com.com,225-249-5279,IT,5/23/2021,78280.12,284,Room 503
285,Dore,Filipychev,dfilipychev7w@icio.us,128-110-8255,Marketing,1/8/2008,111946.42,285,PO Box 94716
286,Cecile,Haggath,chaggath7x@etsy.com,713-944-4378,Sales,3/30/2011,145162.33,286,7th Floor
287,Alex,Mingard,amingard7y@lulu.com,194-506-2325,Finance,10/13/2016,93496.56,287,PO Box 12948
288,Anestassia,Barszczewski,abarszczewski7z@chronoengine.com,603-905-4175,Finance,4/7/2021,45138.89,288,Room 1089
289,Jeremias,Barclay,jbarclay80@tiny.cc,726-993-7934,Marketing,2/25/2018,47311.8,289,Suite 78
290,Donaugh,Mander,dmander81@youku.com,809-849-9501,Finance,10/25/2022,80574.47,290,PO Box 19507
291,Wallie,Margetts,wmargetts82@netlog.com,776-672-6545,IT,3/9/2007,141615.55,291,Suite 39
292,Arty,Cullen,acullen83@youtu.be,833-166-5405,HR,3/1/2013,71862.16,292,Apt 1899
293,Mirabella,Burrus,mburrus84@icq.com,529-944-4563,Finance,11/28/2010,57191.18,293,PO Box 6268
294,Lucho,Griffoen,lgriffoen85@twitter.com,275-159-8368,Sales,11/13/2017,44391.34,294,8th Floor
295,Amity,Bastone,abastone86@surveymonkey.com,850-614-5018,HR,4/28/2005,135680.3,295,Room 42
296,Caye,Bront,cbront87@psu.edu,245-353-3944,Finance,3/15/2013,144710.83,296,20th Floor
297,Arlina,Kringe,akringe88@meetup.com,148-619-7943,Sales,5/14/2011,107193.37,297,Room 171
298,Silvan,Caile,scaile89@amazon.co.jp,656-209-0151,HR,3/26/2012,94544.88,298,6th Floor
299,Daven,Coade,dcoade8a@taobao.com,173-155-8158,IT,9/17/2019,109164.38,299,Suite 16
300,Jerrie,Sandwich,jsandwich8b@mail.ru,408-443-2356,Sales,6/13/2017,44059.94,300,Room 472
301,Cammy,Diviny,cdiviny8c@google.cn,164-724-3876,IT,2/11/2015,124469.21,301,Apt 33
302,Waldemar,Neads,wneads8d@google.it,417-965-9458,Sales,12/30/2021,35947.73,302,PO Box 15872
303,Vincenty,Currin,vcurrin8e@godaddy.com,225-962-3366,Marketing,3/19/2014,42810.12,303,PO Box 99923
304,Broderick,Stallon,bstallon8f@comcast.net,689-513-2858,HR,3/4/2013,87534.03,304,Room 1129
305,Imelda,Twelvetree,itwelvetree8g@cyberchimps.com,634-960-5455,Finance,4/3/2000,124626.21,305,15th Floor
306,Roosevelt,Riceards,rriceards8h@patch.com,180-722-2578,Sales,11/14/2016,121608.93,306,Apt 1624
307,Olimpia,Lehrian,olehrian8i@flavors.me,951-324-5431,HR,11/23/2005,89188.59,307,Suite 58
308,Katina,Knotton,kknotton8j@eepurl.com,462-991-5588,HR,6/30/2022,74754.29,308,5th Floor
309,Lukas,Garbutt,lgarbutt8k@google.ca,769-444-3206,IT,1/19/2005,119769.19,309,Room 810
310,Chrysa,Vials,cvials8l@msn.com,566-924-8959,IT,10/13/2019,31471.95,310,13th Floor
311,Clare,Heinle,cheinle8m@walmart.com,304-325-0308,Marketing,3/3/2007,149166.29,311,Room 1201
312,Rem,Nazareth,rnazareth8n@bizjournals.com,449-112-7477,Sales,4/1/2012,112971.52,312,Suite 38
313,Amil,Krishtopaittis,akrishtopaittis8o@intel.com,618-949-5860,IT,7/17/2009,121693.02,313,Apt 459
314,Torry,Ashling,tashling8p@elegantthemes.com,661-810-0197,IT,12/20/2004,52982.35,314,20th Floor
315,Camala,Cessford,ccessford8q@sakura.ne.jp,947-646-6176,Marketing,12/14/2016,146900.01,315,17th Floor
316,Agna,Witherbed,awitherbed8r@census.gov,202-424-6726,Marketing,5/1/2014,33692.05,316,Apt 412
317,Jeanna,Eltringham,jeltringham8s@youku.com,195-785-2935,Finance,7/12/2016,142708.89,317,PO Box 46217
318,Magdalen,Galero,mgalero8t@smugmug.com,573-689-7432,Marketing,5/28/2020,106445.72,318,Suite 62
319,Ryan,Vasiltsov,rvasiltsov8u@cnbc.com,159-631-9031,Finance,9/12/2004,78888.75,319,Suite 68
320,Eustace,Elce,eelce8v@artisteer.com,626-143-8320,HR,9/15/2000,48633.27,320,Suite 25
321,Beniamino,Nicholas,bnicholas8w@google.ca,666-947-5386,Sales,5/17/2007,135391.65,321,PO Box 30562
322,Lois,Rembaud,lrembaud8x@reuters.com,828-504-9601,Sales,2/18/2010,98965.13,322,Room 841
323,Reinaldos,Plampeyn,rplampeyn8y@dyndns.org,492-612-1422,IT,4/16/2011,52773.08,323,Suite 27
324,Jannel,Dowers,jdowers8z@hud.gov,215-559-3061,Marketing,9/7/2006,135274.66,324,2nd Floor
325,Alvy,Lattimore,alattimore90@drupal.org,696-841-7760,Sales,3/30/2012,60935.34,325,Suite 87
326,Claudetta,Sporrij,csporrij91@joomla.org,200-298-7230,IT,8/17/2003,55671.48,326,Suite 68
327,Vyky,Benjamin,vbenjamin92@ft.com,197-525-3287,Sales,7/24/2014,90449.78,327,Room 1733
328,Kiley,Medmore,kmedmore93@harvard.edu,308-640-1687,Finance,9/4/2021,140201.07,328,Apt 1747
329,Seth,Mallaby,smallaby94@delicious.com,663-932-9810,HR,9/10/2004,101845.23,329,Suite 75
330,Avrit,Fearby,afearby95@shop-pro.jp,502-792-8419,Finance,8/21/2015,92437.02,330,Apt 806
331,Gabie,McKenny,gmckenny96@4shared.com,321-271-3376,Sales,11/12/2017,79167.02,331,Suite 64
332,Loreen,Gaffon,lgaffon97@hud.gov,678-297-3067,HR,5/26/2014,85254.58,332,Apt 632
333,Westley,Meneo,wmeneo98@army.mil,632-889-4174,HR,9/1/2001,130795.94,333,Suite 96
334,Dania,Presley,dpresley99@statcounter.com,588-921-6174,HR,12/3/2011,103631.54,334,Suite 12
335,Caro,Shillington,cshillington9a@berkeley.edu,893-339-0583,Finance,4/22/2015,86258.38,335,Apt 931
336,Luigi,Pitchers,lpitchers9b@meetup.com,356-352-7760,IT,5/30/2022,49324.51,336,8th Floor
337,Laurens,Colbran,lcolbran9c@ibm.com,263-850-0576,Finance,8/23/2004,54805.29,337,PO Box 7492
338,Natka,Jendrich,njendrich9d@odnoklassniki.ru,382-896-7541,Marketing,11/24/2009,143882.2,338,Room 594
339,Misty,Tumbelty,mtumbelty9e@people.com.cn,502-322-2446,HR,4/1/2012,59207.76,339,PO Box 54826
340,Blair,Domerc,bdomerc9f@icio.us,184-845-3332,HR,2/1/2009,146893.23,340,PO Box 49580
341,Gabbie,Worthy,gworthy9g@goodreads.com,525-270-9517,Finance,4/16/2016,85482.97,341,20th Floor
342,Kelcy,Plampin,kplampin9h@homestead.com,570-445-8700,HR,9/24/2011,98853.61,342,Room 351
343,Maxwell,Meynell,mmeynell9i@geocities.jp,711-374-1071,HR,5/23/2002,125823.7,343,Suite 1
344,Elden,Jezzard,ejezzard9j@opera.com,427-754-8421,IT,6/5/2011,86608.5,344,Apt 619
345,Kassey,Fried,kfried9k@1und1.de,149-480-5865,Sales,4/26/2003,107626.62,345,Apt 1960
346,Sydelle,Dalgarnowch,sdalgarnowch9l@unicef.org,841-438-5168,IT,7/27/2000,84034.96,346,Apt 252
347,Koral,Ferandez,kferandez9m@house.gov,435-610-7092,Finance,7/18/2000,64821.67,347,Apt 1901
348,Sim,Spinige,sspinige9n@jigsy.com,875-623-7160,Sales,9/7/2017,117316.29,348,Apt 1921
349,Cassaundra,Zywicki,czywicki9o@blogger.com,178-852-4447,Sales,3/17/2008,61678.74,349,PO Box 29617
350,Bliss,Gregh,bgregh9p@barnesandnoble.com,764-753-7281,Marketing,11/12/2004,39326.86,350,Room 1248
351,Sheffie,Crosetti,scrosetti9q@go.com,521-171-0487,Sales,5/9/2005,105984.14,351,Suite 57
352,Theobald,Lawful,tlawful9r@4shared.com,155-200-1285,Finance,9/23/2012,46941.03,352,Suite 80
353,Elizabeth,Bindin,ebindin9s@dropbox.com,225-747-3221,Finance,10/10/2010,113803.97,353,PO Box 5821
354,Dania,Gillis,dgillis9t@g.co,763-954-3840,HR,8/17/2005,43865.5,354,Apt 1455
355,Stephanus,Pogg,spogg9u@imdb.com,519-381-6681,Sales,1/16/2010,36659.97,355,Room 828
356,Ritchie,Riddiford,rriddiford9v@spotify.com,284-756-0398,HR,5/26/2001,145787.19,356,Room 1403
357,Nollie,Jirek,njirek9w@altervista.org,851-613-4480,Finance,11/23/2000,68965.06,357,11th Floor
358,Robena,Marjoribanks,rmarjoribanks9x@typepad.com,576-754-9569,Marketing,2/9/2000,65870.15,358,PO Box 82908
359,Carmella,Kiffin,ckiffin9y@irs.gov,964-999-0996,Marketing,7/9/2007,129212.23,359,Suite 52
360,Cos,Kift,ckift9z@google.it,441-771-4061,Finance,3/1/2012,73857.56,360,Suite 63
361,Abbott,O'Cridigan,aocridigana0@usatoday.com,762-184-6175,IT,8/23/2022,74592.09,361,Apt 1457
362,Ronalda,Osment,rosmenta1@squarespace.com,944-992-1193,IT,12/14/2011,90197.43,362,Room 1460
363,Keefe,Gotecliffe,kgotecliffea2@dropbox.com,201-181-9900,Finance,1/28/2001,132061.63,363,Suite 51
364,Helene,Sackett,hsacketta3@ow.ly,145-330-8489,Finance,8/29/2007,116373.44,364,Apt 1706
365,Hilary,Warlaw,hwarlawa4@sogou.com,771-231-1322,HR,2/4/2000,86074.68,365,Apt 1798
366,Kyle,Dodridge,kdodridgea5@smh.com.au,541-589-1404,IT,11/25/2021,129150.55,366,Suite 40
367,Kath,Perrott,kperrotta6@usda.gov,184-983-2829,Sales,12/1/2019,44223.44,367,4th Floor
368,Flora,Sievewright,fsievewrighta7@tmall.com,680-159-3586,Sales,2/8/2000,42852.47,368,PO Box 12545
369,Robinett,Ovise,rovisea8@reference.com,762-894-2793,Sales,11/25/2004,126813.93,369,Apt 1894
370,Walker,Sackler,wsacklera9@mac.com,555-123-2358,HR,10/12/2018,39307.2,370,4th Floor
371,Shel,Parkhouse,sparkhouseaa@hexun.com,309-310-5515,Sales,4/6/2018,91237.96,371,5th Floor
372,Barbe,Radleigh,bradleighab@theglobeandmail.com,448-464-6867,HR,6/1/2012,142856.05,372,13th Floor
373,Carri,Colthard,ccolthardac@163.com,781-222-9453,Finance,7/30/2017,58618.02,373,Room 389
374,Alasteir,Tryme,atrymead@arizona.edu,226-637-3188,Finance,4/22/2013,77233.06,374,Apt 1359
375,Arv,Sumnall,asumnallae@about.com,250-835-4185,Finance,10/9/2022,48224.82,375,Apt 1115
376,Clemmie,Cave,ccaveaf@thetimes.co.uk,422-606-2579,HR,3/24/2002,81560.01,376,Suite 4
377,Mickey,Giberd,mgiberdag@deliciousdays.com,249-396-0087,Marketing,11/21/2013,73435.51,377,PO Box 89450
378,Axe,Coatman,acoatmanah@cdbaby.com,430-441-2975,IT,6/12/2010,99702.49,378,Room 1093
379,Craggy,Matelaitis,cmatelaitisai@ow.ly,143-923-8690,Marketing,3/13/2013,63478.56,379,Apt 1076
380,Virgie,Undrill,vundrillaj@tripadvisor.com,529-431-4302,Sales,4/9/2000,63301.8,380,Room 984
381,Mathian,Romaint,mromaintak@patch.com,762-346-8126,HR,1/10/2022,99200.79,381,Suite 24
382,Jena,Dobell,jdobellal@youtu.be,287-478-5570,IT,3/18/2019,94107.25,382,Room 1390
383,Lorri,Witherbed,lwitherbedam@ted.com,591-979-7202,HR,5/18/2000,57909.3,383,8th Floor
384,Huntlee,Ellingford,hellingfordan@constantcontact.com,670-335-3911,Finance,10/14/2020,59455.0,384,14th Floor
385,Jodie,Tott,jtottao@nih.gov,529-100-2949,Sales,1/28/2005,48999.31,385,12th Floor
386,Jamie,Hammel,jhammelap@reference.com,744-382-2613,Sales,8/11/2001,99621.38,386,Room 752
387,Gare,Slevin,gslevinaq@hao123.com,864-742-4680,IT,11/24/2009,127610.51,387,Suite 29
388,Kellie,Bramwich,kbramwichar@theguardian.com,541-377-7865,Marketing,7/19/2009,105975.66,388,Suite 51
389,Kyle,Thraves,kthravesas@usnews.com,183-639-9902,HR,8/18/2009,137164.06,389,Room 1277
390,Gregorius,Schubbert,gschubbertat@ning.com,530-342-4821,HR,8/21/2022,144277.65,390,Suite 22
391,Dosi,Leads,dleadsau@hugedomains.com,460-749-7000,HR,6/19/2013,96855.94,391,PO Box 38212
392,Richart,Reader,rreaderav@eventbrite.com,500-177-5604,IT,8/16/2019,66592.91,392,Suite 48
393,Karil,Chantillon,kchantillonaw@weibo.com,909-504-7008,Marketing,2/10/2017,55559.85,393,5th Floor
394,Hughie,Stoffersen,hstoffersenax@deliciousdays.com,172-683-9810,Finance,7/11/2010,79862.13,394,PO Box 70961
395,Audry,Trollope,atrollopeay@hibu.com,122-188-4161,Marketing,11/23/2009,61841.81,395,Room 1215
396,Lamar,Glander,lglanderaz@columbia.edu,824-747-3387,Finance,6/7/2015,53028.39,396,Suite 50
397,Kenn,Wilcockes,kwilcockesb0@house.gov,823-889-1260,Finance,11/28/2022,57769.53,397,Room 893
398,Alden,Boarder,aboarderb1@blog.com,130-263-7117,Finance,1/11/2009,50307.32,398,Room 1835
399,Erin,Canada,ecanadab2@storify.com,539-648-3099,IT,2/9/2013,64305.75,399,Suite 18
400,Devonne,Pryn,dprynb3@aol.com,605-510-9981,HR,8/27/2011,75363.09,400,Suite 43
401,Melly,Firth,mfirthb4@parallels.com,460-850-1683,Sales,10/15/2002,86891.07,401,Apt 1730
402,Marcelline,Lawland,mlawlandb5@purevolume.com,713-741-4532,Finance,8/31/2021,92314.35,402,14th Floor
403,Keelia,Waiton,kwaitonb6@1688.com,311-323-1243,Sales,5/13/2011,93781.53,403,19th Floor
404,Viviene,Bonds,vbondsb7@ca.gov,808-563-6690,Finance,9/11/2000,130503.08,404,Suite 81
405,Darya,Duesbury,dduesburyb8@yolasite.com,256-732-7316,IT,9/15/2004,69142.16,405,Room 851
406,Gwenore,Meredyth,gmeredythb9@apple.com,515-383-2527,Sales,5/10/2006,47803.22,406,PO Box 34625
407,Noreen,Breznovic,nbreznovicba@alexa.com,136-699-3492,Sales,6/12/2017,46470.97,407,Suite 28
408,Dominic,Brito,dbritobb@soundcloud.com,445-508-2510,IT,9/12/2022,31602.52,408,19th Floor
409,Dun,Edridge,dedridgebc@walmart.com,443-269-7095,Sales,10/7/2018,35434.44,409,Room 1965
410,Cole,Gallamore,cgallamorebd@facebook.com,941-230-6941,IT,8/18/2004,89536.66,410,Suite 12
411,Dav,Hugill,dhugillbe@bloomberg.com,439-783-9806,HR,8/3/2000,69274.95,411,Apt 1919
412,Emiline,Pellissier,epellissierbf@bing.com,858-666-5815,IT,2/5/2015,121152.04,412,Suite 62
413,Darwin,Robinet,drobinetbg@boston.com,441-998-9139,Finance,9/2/2012,141637.55,413,8th Floor
414,Woodrow,Woliter,wwoliterbh@liveinternet.ru,344-576-3386,Sales,8/9/2017,72167.93,414,Room 416
415,Maxy,Stilgoe,mstilgoebi@admin.ch,444-102-1576,Sales,12/17/2011,31679.46,415,Apt 713
416,Leopold,Rush,lrushbj@gnu.org,749-838-7652,Marketing,6/20/2008,89037.51,416,PO Box 995
417,Aeriell,Jerratsch,ajerratschbk@pbs.org,322-962-1304,Finance,6/22/2017,88616.19,417,Apt 1850
418,Timi,Perrins,tperrinsbl@techcrunch.com,134-122-9222,Sales,1/10/2013,72056.91,418,PO Box 51333
419,Jacklin,Cattanach,jcattanachbm@github.com,563-274-9670,Sales,10/15/2000,117351.17,419,11th Floor
420,Levi,Bertin,lbertinbn@ifeng.com,863-488-3180,Finance,12/29/2007,80551.74,420,20th Floor
421,Phillipp,Peperell,ppeperellbo@lycos.com,215-897-9725,HR,3/22/2008,54310.46,421,Suite 51
422,Barclay,Dahill,bdahillbp@google.it,510-327-9478,Finance,5/24/2006,62291.74,422,Suite 68
423,Tedra,Mougeot,tmougeotbq@illinois.edu,903-639-8799,HR,11/19/2011,67880.43,423,17th Floor
424,Bobby,Gundry,bgundrybr@wiley.com,269-697-3701,Marketing,1/7/2002,127439.5,424,PO Box 65523
425,Tabbitha,Vickery,tvickerybs@epa.gov,677-177-9866,IT,5/4/2016,142780.94,425,PO Box 36832
426,Laverna,Brook,lbrookbt@g.co,708-477-7706,Sales,5/20/2009,48485.47,426,9th Floor
427,Florri,Dilworth,fdilworthbu@clickbank.net,726-562-3912,Finance,5/26/2009,99013.29,427,19th Floor
428,Barbey,Iacapucci,biacapuccibv@infoseek.co.jp,789-991-5944,IT,3/17/2019,95225.69,428,Suite 76
429,Lanny,Brockie,lbrockiebw@e-recht24.de,113-888-6561,Sales,10/12/2006,109618.93,429,1st Floor
430,Cordula,Langran,clangranbx@amazon.co.jp,831-497-6378,Sales,9/22/2015,30742.68,430,PO Box 98531
431,Camellia,Larvin,clarvinby@baidu.com,224-767-4354,IT,8/8/2000,74146.31,431,Apt 1494
432,Ollie,Chieze,ochiezebz@multiply.com,186-266-0721,IT,5/14/2005,117434.47,432,Apt 816
433,Giorgio,MacNab,gmacnabc0@fastcompany.com,230-346-7139,HR,3/21/2010,129866.21,433,Apt 95
434,Henryetta,St. Paul,hstpaulc1@forbes.com,369-303-2105,HR,1/14/2016,115423.35,434,Room 1480
435,Ollie,Colquete,ocolquetec2@cpanel.net,509-111-2266,Marketing,12/13/2015,75910.13,435,Suite 37
436,Davis,Hardiker,dhardikerc3@skype.com,189-175-4545,HR,2/28/2014,43780.48,436,16th Floor
437,Koralle,Chasteney,kchasteneyc4@reddit.com,549-987-7455,Sales,1/2/2014,42005.28,437,Room 1384
438,Elane,Goad,egoadc5@ucla.edu,407-395-0408,Sales,11/14/2021,107564.1,438,PO Box 54406
439,Borden,Havick,bhavickc6@guardian.co.uk,918-889-2196,Finance,5/7/2010,70752.72,439,PO Box 55211
440,Ansley,Smithson,asmithsonc7@mozilla.org,603-645-0051,HR,4/5/2007,53375.61,440,Apt 1548
441,Pattie,Misselbrook,pmisselbrookc8@bloglovin.com,913-146-8102,IT,4/29/2001,33507.43,441,Room 223
442,Zebedee,Escoffrey,zescoffreyc9@harvard.edu,901-912-7591,Marketing,9/13/2001,134287.51,442,PO Box 49512
443,Ora,Togher,otogherca@goo.gl,655-890-1773,Finance,6/2/2015,83545.1,443,1st Floor
444,Rustie,Simoneau,rsimoneaucb@sohu.com,224-857-4160,Finance,1/23/2011,49333.5,444,Room 1974
445,Bunnie,Pawlik,bpawlikcc@sphinn.com,590-224-4368,Finance,4/20/2022,75487.52,445,Room 1269
446,Michaella,Care,mcarecd@foxnews.com,808-627-8196,IT,2/29/2016,95156.22,446,13th Floor
447,Annora,Dilliston,adillistonce@dropbox.com,525-108-9118,Sales,7/16/2007,77520.98,447,Room 534
448,Imojean,Mowle,imowlecf@google.com.au,975-411-5823,Sales,6/29/2008,117253.43,448,Room 165
449,Rodolph,Oselton,roseltoncg@harvard.edu,386-421-8326,Sales,1/29/2018,119877.01,449,Room 1307
450,Kesley,Macquire,kmacquirech@sciencedaily.com,433-276-6925,Sales,10/17/2011,55477.81,450,Suite 85
451,Dyan,Kasparski,dkasparskici@1und1.de,989-889-6027,Finance,5/22/2007,107874.58,451,9th Floor
452,Jasper,Poyser,jpoysercj@bravesites.com,307-211-3667,Marketing,11/19/2003,128224.99,452,Suite 61
453,Dominica,Crosham,dcroshamck@goo.gl,704-221-1128,HR,3/19/2005,119086.01,453,Suite 64
454,Kilian,Janaszewski,kjanaszewskicl@whitehouse.gov,928-453-0679,Sales,6/10/2000,124203.89,454,20th Floor
455,Tedie,Le feuvre,tlefeuvrecm@naver.com,892-713-4553,IT,10/17/2016,142155.29,455,Apt 1390
456,Cami,Willetts,cwillettscn@slashdot.org,530-102-7956,IT,8/14/2019,68216.84,456,Suite 24
457,Vivie,Bails,vbailsco@bloglines.com,172-874-3980,IT,2/3/2019,96586.63,457,Room 1019
458,Byran,Pitkeathley,bpitkeathleycp@gravatar.com,308-254-4109,IT,2/4/2003,66653.11,458,PO Box 11612
459,Hildegarde,Shoppee,hshoppeecq@live.com,933-221-3415,Sales,8/9/2001,66789.29,459,Suite 68
460,Zaneta,Issett,zissettcr@virginia.edu,287-402-0416,Sales,3/10/2016,92233.34,460,Apt 212
461,Ursula,Titchen,utitchencs@github.io,804-390-4666,IT,2/6/2001,38380.07,461,Suite 14
462,Darelle,Pestricke,dpestrickect@ehow.com,723-945-7978,IT,11/20/2001,124873.18,462,PO Box 52683
463,Sianna,Timeby,stimebycu@berkeley.edu,814-861-4582,Sales,2/15/2010,42303.01,463,Apt 1068
464,Laverna,Hazelgreave,lhazelgreavecv@wikispaces.com,981-815-7741,Sales,8/23/2012,77198.08,464,Suite 88
465,Culver,Menary,cmenarycw@mozilla.org,643-529-8266,Marketing,5/8/2009,138173.42,465,Room 243
466,Brandy,Grishanov,bgrishanovcx@reference.com,531-594-3392,HR,3/24/2001,116022.02,466,Suite 85
467,Galen,Lugsdin,glugsdincy@fastcompany.com,251-777-6671,Marketing,10/23/2021,61611.52,467,PO Box 93718
468,Adrianne,Bartolomivis,abartolomiviscz@i2i.jp,427-240-4445,HR,11/11/2019,60637.06,468,Room 1145
469,Dimitry,Burghill,dburghilld0@buzzfeed.com,523-207-3113,Finance,6/21/2020,49642.83,469,14th Floor
470,Corny,Matteacci,cmatteaccid1@netscape.com,933-260-6828,Sales,5/20/2010,121147.05,470,PO Box 90652
471,Augusta,Stanes,astanesd2@geocities.com,122-973-5993,Sales,2/19/2017,86518.9,471,12th Floor
472,Alden,Paley,apaleyd3@taobao.com,204-914-9504,Sales,1/13/2001,36883.16,472,Suite 26
473,Gal,Fowden,gfowdend4@blog.com,754-942-7042,IT,9/16/2005,105302.5,473,Apt 660
474,Davon,Isacq,disacqd5@merriam-webster.com,462-986-2509,Finance,12/24/2020,71251.88,474,Suite 55
475,Hailey,Mougin,hmougind6@tamu.edu,809-863-9158,HR,5/4/2010,89952.18,475,Room 579
476,Darin,Barendtsen,dbarendtsend7@oracle.com,771-804-0377,Finance,3/11/2008,42106.45,476,Room 554
477,Claudie,Eydel,ceydeld8@reference.com,283-454-8013,Sales,9/17/2009,42732.91,477,Apt 526
478,Magda,Alyoshin,malyoshind9@noaa.gov,489-158-5033,Marketing,4/1/2009,56450.3,478,Suite 47
479,Crista,Bew,cbewda@nps.gov,632-741-1228,Finance,3/14/2007,102397.06,479,Suite 84
480,Marline,D'Hooge,mdhoogedb@utexas.edu,280-541-6905,Marketing,10/19/2001,53589.45,480,PO Box 88393
481,Cary,Gaydon,cgaydondc@weather.com,446-100-9454,Sales,7/12/2019,32644.7,481,Room 1870
482,Selestina,Floyed,sfloyeddd@ning.com,751-851-7619,HR,2/1/2001,105797.39,482,15th Floor
483,Almeria,Ratlee,aratleede@hibu.com,646-800-3568,Finance,11/8/2004,64779.26,483,PO Box 12214
484,Angy,Cushion,acushiondf@cdbaby.com,874-444-2707,Marketing,5/22/2012,49208.19,484,Apt 714
485,Sarah,Hattam,shattamdg@123-reg.co.uk,443-480-9516,Sales,1/27/2003,33049.21,485,PO Box 97953
486,Gib,Halliberton,ghallibertondh@imdb.com,697-397-9593,HR,8/10/2016,84883.37,486,Room 1233
487,Mimi,O'Brian,mobriandi@independent.co.uk,232-184-9645,Sales,11/9/2004,64088.17,487,PO Box 88699
488,Carr,Baress,cbaressdj@xrea.com,461-471-4122,HR,5/18/2022,102759.85,488,12th Floor
489,Sheppard,Stuehmeier,sstuehmeierdk@desdev.cn,261-992-1036,Sales,11/30/2022,85335.23,489,Suite 93
490,Madalyn,Peascod,mpeascoddl@shop-pro.jp,450-536-7550,Marketing,1/21/2011,142531.33,490,Suite 49
491,Vivie,Yansons,vyansonsdm@t.co,337-108-5281,HR,12/13/2001,92044.85,491,Suite 37
492,Juline,Tindall,jtindalldn@ebay.co.uk,309-263-3519,IT,1/7/2012,38786.48,492,6th Floor
493,Aldous,Sollner,asollnerdo@vk.com,470-591-6011,Marketing,3/6/2018,71640.77,493,PO Box 12745
494,Dayna,Gibson,dgibsondp@imageshack.us,743-621-9999,IT,4/15/2021,33897.2,494,20th Floor
495,Lucas,Howarth,lhowarthdq@indiatimes.com,309-279-2809,IT,6/10/2011,135023.37,495,Suite 60
496,Loralyn,Ede,lededr@geocities.com,794-492-3903,Marketing,5/31/2015,138654.41,496,PO Box 46029
497,Bryn,McVrone,bmcvroneds@ocn.ne.jp,899-513-4025,Sales,12/24/2009,102679.99,497,Room 46
498,Viviyan,Spiteri,vspiteridt@networksolutions.com,153-673-4738,Finance,4/7/2011,140834.4,498,PO Box 67927
499,Kendricks,Figge,kfiggedu@eepurl.com,708-510-3480,Marketing,2/21/2001,113695.68,499,Suite 60
500,Maxwell,Pendre,mpendredv@fastcompany.com,451-608-4702,Marketing,9/26/2007,54947.01,500,Apt 1242
501,Barbie,Bruckenthal,bbruckenthaldw@nba.com,793-258-5509,Marketing,12/14/2006,130371.98,501,PO Box 4814
502,Nonie,Ilett,nilettdx@sun.com,178-615-7930,Marketing,8/17/2006,53422.21,502,Suite 100
503,Norah,Candlish,ncandlishdy@theatlantic.com,830-902-4401,Finance,10/18/2008,105845.43,503,PO Box 36256
504,Brose,Smidmore,bsmidmoredz@quantcast.com,934-547-2068,HR,6/4/2011,78904.6,504,PO Box 99438
505,Concettina,Meanwell,cmeanwelle0@chicagotribune.com,758-245-9173,Sales,12/10/2018,107131.82,505,Apt 595
506,Gae,Trappe,gtrappee1@ask.com,436-866-7574,Sales,9/25/2011,69039.39,506,Suite 66
507,Sheree,Arzu,sarzue2@earthlink.net,728-424-6280,Sales,3/26/2005,52395.77,507,3rd Floor
508,Aland,Habgood,ahabgoode3@merriam-webster.com,671-877-5621,Marketing,12/25/2012,62812.13,508,Room 1709
509,Sammie,Lockett,slockette4@psu.edu,915-522-9781,IT,1/1/2019,108022.71,509,Apt 1025
510,Hermina,Gillan,hgillane5@foxnews.com,662-951-9823,Finance,12/9/2016,126430.72,510,PO Box 58005
511,Trent,Dobell,tdobelle6@yahoo.co.jp,300-585-4061,Sales,2/11/2018,37013.78,511,4th Floor
512,Oswell,Orman,oormane7@bloglines.com,586-336-9084,Marketing,4/18/2001,118688.63,512,PO Box 86101
513,Hazlett,Brantzen,hbrantzene8@ezinearticles.com,305-730-2661,Sales,5/11/2006,59798.12,513,Apt 29
514,Colene,Goodsir,cgoodsire9@webnode.com,434-512-8044,Finance,6/4/2003,141242.52,514,8th Floor
515,Ollie,Walczynski,owalczynskiea@blinklist.com,305-771-7365,Sales,5/29/2005,45745.2,515,Suite 75
516,Ardella,Jerwood,ajerwoodeb@a8.net,306-837-4945,Sales,1/16/2012,87715.21,516,5th Floor
517,Beniamino,Haster,bhasterec@about.com,734-929-5482,IT,9/24/2000,134767.14,517,18th Floor
518,Cyndy,McCaughey,cmccaugheyed@sohu.com,288-194-0014,Finance,6/26/2012,113647.65,518,Apt 1822
519,Boyd,Angel,bangelee@yellowbook.com,382-568-3891,Finance,3/3/2007,40884.37,519,PO Box 53144
520,Koressa,Standbrooke,kstandbrookeef@tamu.edu,376-679-1295,Sales,10/14/2016,113509.22,520,Suite 27
521,Stanislas,Oldford,soldfordeg@netscape.com,851-753-6688,IT,2/13/2004,123307.3,521,PO Box 97829
522,Parnell,Pyford,ppyfordeh@alexa.com,205-503-0558,HR,8/1/2011,55542.69,522,Suite 90
523,Elinor,Blay,eblayei@google.co.uk,434-145-7719,Sales,9/18/2002,131669.35,523,PO Box 13427
524,Rhea,Quartermaine,rquartermaineej@omniture.com,173-354-6624,IT,6/13/2014,71840.0,524,Suite 47
525,Davin,Hardan,dhardanek@bizjournals.com,397-892-3136,Marketing,12/31/2013,59276.05,525,Room 1102
526,Vernice,Ramelot,vramelotel@oracle.com,552-142-4060,Finance,7/10/2007,89129.59,526,Room 1708
527,Nevile,Deesly,ndeeslyem@addtoany.com,421-230-0045,HR,12/12/2014,117762.31,527,Room 1580
528,Dex,Newson,dnewsonen@tuttocitta.it,214-544-7744,Sales,2/15/2011,83238.66,528,PO Box 15810
529,Ema,Bromby,ebrombyeo@rambler.ru,752-273-9201,Finance,9/18/2022,100364.37,529,Suite 7
530,Coraline,Bromley,cbromleyep@netvibes.com,358-139-4020,Finance,4/18/2002,59275.87,530,Room 1662
531,Melvin,Matas,mmataseq@eventbrite.com,572-305-2046,Finance,2/10/2011,101529.88,531,Apt 1602
532,Wendell,Arkcoll,warkcoller@google.com,133-598-1533,Marketing,2/6/2016,127401.25,532,Apt 304
533,Sander,Liptrod,sliptrodes@bandcamp.com,430-607-7129,Finance,12/15/2007,100408.56,533,8th Floor
534,Wat,Fidgin,wfidginet@bloglines.com,674-954-0749,Marketing,11/24/2007,121675.94,534,Apt 1156
535,Joeann,Mabb,jmabbeu@nature.com,540-663-4103,Marketing,6/2/2007,145475.68,535,Apt 461
536,Garner,Perham,gperhamev@google.pl,350-911-1800,Marketing,3/13/2018,141181.41,536,19th Floor
537,Moyna,Wafer,mwaferew@va.gov,291-246-9665,Finance,9/23/2008,90831.56,537,Apt 1800
538,Normy,Saban,nsabanex@ezinearticles.com,994-551-0520,Marketing,7/29/2022,41236.31,538,Apt 798
539,Jeanie,Seligson,jseligsoney@unblog.fr,347-784-0553,Sales,9/3/2015,31286.59,539,Room 1854
540,Morton,McReedy,mmcreedyez@eventbrite.com,959-369-3656,Sales,11/6/2008,83969.62,540,Apt 1874
541,Lonee,Adshad,ladshadf0@reference.com,467-916-8658,Finance,6/3/2011,89039.64,541,Room 1919
542,Sioux,Haccleton,shaccletonf1@shop-pro.jp,267-769-8675,IT,9/15/2021,125215.3,542,PO Box 78431
543,Willa,McIlwrick,wmcilwrickf2@house.gov,711-682-6621,Marketing,1/28/2017,142579.36,543,Room 1287
544,Brietta,Avraam,bavraamf3@gmpg.org,572-605-1982,Finance,10/18/2010,45324.07,544,Apt 336
545,Roseline,Brister,rbristerf4@lycos.com,886-743-8365,IT,11/9/2006,67729.59,545,Room 1630
546,Kendall,Attenborough,kattenboroughf5@unicef.org,181-790-9332,IT,5/1/2011,149732.72,546,4th Floor
547,Woodman,Doddemeade,wdoddemeadef6@uol.com.br,652-204-3607,IT,10/3/2013,50539.57,547,Room 1867
548,Mose,Baggs,mbaggsf7@cornell.edu,731-450-9985,Sales,8/12/2009,149666.21,548,Suite 16
549,Nalani,Baradel,nbaradelf8@macromedia.com,219-592-1412,IT,5/17/2008,146508.02,549,Room 391
550,Edik,Shaylor,eshaylorf9@oakley.com,692-603-5395,HR,10/1/2008,112238.47,550,Suite 7
551,Nadean,Wallas,nwallasfa@marketwatch.com,275-704-0442,Finance,9/16/2022,109380.96,551,Suite 9
552,Rose,De Gregorio,rdegregoriofb@zdnet.com,915-151-0208,Marketing,11/28/2017,68924.2,552,11th Floor
553,Roxy,Honeywood,rhoneywoodfc@last.fm,371-347-0119,Sales,7/22/2001,44712.53,553,Apt 1060
554,Sarina,Fenney,sfenneyfd@shareasale.com,615-706-1751,HR,1/28/2020,53172.97,554,Room 903
555,Gilli,Cassel,gcasselfe@cafepress.com,391-987-2096,Finance,4/9/2000,106536.36,555,Apt 1959
556,Lacy,Revie,lrevieff@usda.gov,739-565-7419,HR,8/1/2014,101679.0,556,Apt 1848
557,Arlyne,Hexham,ahexhamfg@ftc.gov,778-231-8547,Marketing,6/24/2010,55285.34,557,Apt 48
558,Kynthia,Goldie,kgoldiefh@hibu.com,804-797-3243,HR,5/16/2003,122827.13,558,PO Box 46705
559,Hunt,Kroll,hkrollfi@google.com.br,470-721-8177,IT,12/17/2017,121324.91,559,Apt 1538
560,Noel,Spurret,nspurretfj@squidoo.com,346-964-9356,Finance,5/21/2002,76257.04,560,1st Floor
561,Betty,Frankel,bfrankelfk@mediafire.com,751-179-2706,Marketing,7/18/2018,65508.09,561,Apt 1176
562,Betteann,Dungate,bdungatefl@senate.gov,206-488-4656,Finance,11/7/2004,127181.67,562,Room 1339
563,Rosalynd,Kalisch,rkalischfm@eventbrite.com,557-253-8259,Sales,1/13/2013,79937.37,563,5th Floor
564,Adriena,Skrzynski,askrzynskifn@mediafire.com,781-455-0312,Marketing,3/13/2014,62289.61,564,Suite 64
565,Rochester,Acres,racresfo@rediff.com,838-446-5569,Finance,5/2/2002,125803.89,565,Suite 64
566,Risa,McGuiney,rmcguineyfp@howstuffworks.com,132-948-8953,HR,8/11/2022,141988.87,566,Room 1237
567,Eberhard,Murrock,emurrockfq@wikipedia.org,722-870-1602,Finance,3/10/2022,148393.96,567,Suite 52
568,Lind,Chazette,lchazettefr@opensource.org,320-280-3041,IT,12/1/2018,134776.18,568,Suite 15
569,Nannette,Laxen,nlaxenfs@1und1.de,173-273-3483,Finance,12/10/2006,54409.07,569,Room 898
570,Jen,Collacombe,jcollacombeft@amazonaws.com,528-352-7610,HR,11/4/2011,86724.98,570,Apt 792
571,Glenn,Albon,galbonfu@reddit.com,644-917-3946,HR,12/30/2010,79212.89,571,Apt 1797
572,Burgess,Gurnett,bgurnettfv@zimbio.com,776-509-2989,Finance,3/25/2015,33175.16,572,16th Floor
573,Karlotta,Friese,kfriesefw@twitpic.com,474-123-9195,Finance,9/5/2005,132666.06,573,Apt 1782
574,Staffard,Tomaello,stomaellofx@zimbio.com,214-751-3558,Marketing,12/2/2004,69498.48,574,17th Floor
575,Ramon,Reams,rreamsfy@constantcontact.com,621-721-3814,Sales,8/25/2000,101394.35,575,12th Floor
576,Odella,Dael,odaelfz@msu.edu,800-373-9626,HR,8/14/2014,106433.99,576,Suite 33
577,Uri,Gillean,ugilleang0@washington.edu,992-599-4624,Sales,3/8/2014,83691.98,577,PO Box 73550
578,Noel,Benns,nbennsg1@java.com,245-624-0611,HR,4/8/2008,54523.88,578,Suite 8
579,Ulric,Galbreth,ugalbrethg2@wix.com,225-361-5886,Marketing,12/20/2003,38069.99,579,PO Box 27925
580,Myra,Sargerson,msargersong3@disqus.com,625-908-5388,Sales,12/5/2009,39582.95,580,Suite 51
581,Valdemar,Hewertson,vhewertsong4@tmall.com,698-430-0580,Marketing,9/10/2014,105745.47,581,17th Floor
582,Dody,Rubbert,drubbertg5@cpanel.net,205-595-0422,Marketing,10/18/2008,39146.72,582,Room 1350
583,Katharyn,Jaquet,kjaquetg6@upenn.edu,373-678-9314,IT,2/17/2012,143388.86,583,PO Box 3924
584,Karyn,Emmet,kemmetg7@ftc.gov,498-841-8160,Finance,10/1/2003,115859.72,584,PO Box 79004
585,Britni,Karolowski,bkarolowskig8@hhs.gov,982-285-4887,Finance,1/3/2017,72973.32,585,PO Box 11232
586,Olivero,Archibald,oarchibaldg9@issuu.com,451-691-0155,IT,1/31/2010,79609.14,586,Room 516
587,Hi,Follett,hfollettga@state.gov,498-739-6234,IT,2/2/2022,31929.81,587,Suite 70
588,Aleksandr,Wickwar,awickwargb@simplemachines.org,483-702-6441,HR,10/23/2019,145912.57,588,15th Floor
589,Moishe,Hatchman,mhatchmangc@t.co,143-541-2104,IT,4/19/2020,111074.32,589,Apt 1776
590,Kelwin,Isgar,kisgargd@google.com.br,317-566-8336,HR,6/23/2010,104239.01,590,PO Box 1819
591,Rad,Augie,raugiege@biglobe.ne.jp,569-944-6068,HR,6/29/2013,129214.95,591,PO Box 66311
592,Glen,Boor,gboorgf@reference.com,732-162-1844,Finance,10/3/2017,145304.42,592,PO Box 49550
593,Becka,Signore,bsignoregg@furl.net,173-281-3081,IT,12/1/2021,107518.26,593,Room 1240
594,Jorie,D'Ugo,jdugogh@clickbank.net,442-916-9983,Marketing,6/1/2002,107077.93,594,15th Floor
595,Pennie,Purser,ppursergi@ustream.tv,692-240-9098,Sales,3/9/2013,35168.76,595,Suite 58
596,Abrahan,Gambles,agamblesgj@csmonitor.com,155-197-5870,Marketing,11/27/2021,103649.96,596,19th Floor
597,Fredek,Coursor,fcoursorgk@businessinsider.com,389-732-8864,Marketing,11/27/2019,112679.08,597,Suite 94
598,Ofelia,Dumbrell,odumbrellgl@ycombinator.com,656-292-1023,HR,1/30/2000,60326.55,598,7th Floor
599,Inger,Aireton,iairetongm@wordpress.org,104-256-5340,Finance,4/13/2002,115757.4,599,Apt 1674
600,Ingeberg,Noweak,inoweakgn@pcworld.com,746-935-6918,Sales,4/1/2001,96596.73,600,Apt 9
601,Christoffer,Corry,ccorrygo@bigcartel.com,508-122-1870,Finance,2/24/2005,84875.03,601,13th Floor
602,Shirlee,Tweedie,stweediegp@seesaa.net,650-497-1892,HR,11/3/2005,97085.62,602,1st Floor
603,Amabel,Jagiela,ajagielagq@domainmarket.com,701-405-1903,HR,3/15/2020,109549.53,603,PO Box 99650
604,Price,Ferrey,pferreygr@cyberchimps.com,668-761-9764,Finance,10/24/2017,104516.61,604,PO Box 45160
605,Loella,Worg,lworggs@homestead.com,217-307-2460,Marketing,12/12/2015,69747.19,605,Room 1177
606,Mattie,Charrette,mcharrettegt@4shared.com,338-452-0583,HR,6/18/2014,47204.22,606,Suite 73
607,Melva,Vinall,mvinallgu@imageshack.us,541-569-2213,HR,3/20/2005,114006.96,607,Room 1833
608,Lawrence,Benediktovich,lbenediktovichgv@goo.ne.jp,333-198-6921,Marketing,10/8/2009,49420.95,608,PO Box 32539
609,Louisette,Logsdale,llogsdalegw@fotki.com,218-349-1595,Marketing,2/26/2014,70493.56,609,Room 1492
610,Lon,Cluse,lclusegx@google.co.uk,376-967-7712,Sales,12/19/2014,55037.11,610,Suite 66
611,Upton,Berrigan,uberrigangy@bbb.org,467-831-9712,Marketing,7/3/2018,125742.28,611,PO Box 94819
612,Roddie,Swanton,rswantongz@ow.ly,328-458-9733,IT,1/17/2004,81766.78,612,Suite 68
613,Murdoch,Bifield,mbifieldh0@cdc.gov,426-565-1742,IT,4/21/2000,33600.29,613,Suite 33
614,Payton,Neeves,pneevesh1@psu.edu,379-516-0291,Finance,3/24/2001,101359.48,614,19th Floor
615,Gae,Urvoy,gurvoyh2@histats.com,240-617-0035,Sales,12/1/2007,109395.59,615,Apt 587
616,Alva,Ruxton,aruxtonh3@patch.com,768-855-1512,Marketing,1/19/2017,113746.75,616,PO Box 61516
617,Denise,Heimes,dheimesh4@instagram.com,160-388-6783,Finance,2/22/2011,106968.77,617,Suite 93
618,D'arcy,Alejandri,dalejandrih5@ed.gov,222-904-1337,HR,10/15/2016,76638.39,618,Room 589
619,Livvy,Warrier,lwarrierh6@nasa.gov,853-643-7693,HR,8/3/2007,52626.93,619,PO Box 61774
620,Emilio,Calbert,ecalberth7@list-manage.com,915-797-9251,IT,1/8/2021,79347.92,620,Apt 1691
621,Vinita,Nucator,vnucatorh8@hatena.ne.jp,200-863-4942,Finance,4/12/2010,33227.83,621,Room 1056
622,Sterne,Tedman,stedmanh9@cornell.edu,571-872-7057,Finance,7/27/2011,68990.34,622,PO Box 5606
623,Juanita,Buckston,jbuckstonha@domainmarket.com,749-350-9194,Sales,6/10/2015,139086.12,623,18th Floor
624,Hinze,Cracoe,hcracoehb@odnoklassniki.ru,683-701-0517,Sales,1/17/2013,31139.28,624,Apt 378
625,Laural,Skeleton,lskeletonhc@theglobeandmail.com,803-129-3771,Sales,3/19/2006,129188.76,625,Suite 87
626,Devina,Dust,ddusthd@simplemachines.org,475-251-4080,IT,3/11/2003,93625.65,626,Suite 22
627,Griffith,Pietruschka,gpietruschkahe@jiathis.com,524-535-4285,Sales,1/8/2017,67388.23,627,Apt 1104
628,Madlen,Chipping,mchippinghf@elpais.com,889-191-4974,Sales,12/10/2008,46228.07,628,3rd Floor
629,Brit,Sheards,bsheardshg@webmd.com,549-685-3510,Finance,5/3/2011,116562.86,629,PO Box 79391
630,Rhona,Fowle,rfowlehh@altervista.org,282-182-9965,HR,11/4/2006,107068.52,630,20th Floor
631,Carson,Digger,cdiggerhi@mediafire.com,189-344-8503,HR,11/19/2019,104548.39,631,Suite 16
632,Elizabet,Wilcocke,ewilcockehj@usda.gov,842-556-3764,IT,5/23/2001,71897.2,632,12th Floor
633,Iolande,Tortice,itorticehk@phpbb.com,878-559-9674,Sales,11/23/2017,53314.46,633,Apt 59
634,Winonah,Penning,wpenninghl@shareasale.com,414-819-5596,IT,8/2/2005,45047.89,634,PO Box 90306
635,Tabbatha,Durman,tdurmanhm@nba.com,308-423-0315,Sales,11/1/2012,131707.13,635,Apt 1130
636,Mei,Whisby,mwhisbyhn@loc.gov,724-778-0653,Marketing,9/26/2020,122741.15,636,8th Floor
637,Cyrille,Wakely,cwakelyho@booking.com,827-912-9711,HR,6/29/2013,62187.84,637,6th Floor
638,Almire,Woan,awoanhp@gizmodo.com,554-481-2807,HR,11/11/2012,61922.47,638,Room 408
639,Adrianne,Odgers,aodgershq@tinypic.com,647-961-8420,Sales,9/2/2006,33324.57,639,Room 1811
640,Stearn,Merrin,smerrinhr@fc2.com,742-974-9538,Marketing,3/22/2007,139675.5,640,PO Box 49061
641,Raychel,Slaten,rslatenhs@w3.org,215-702-1311,Sales,9/14/2012,146466.47,641,1st Floor
642,Randi,Lippiatt,rlippiattht@sina.com.cn,739-163-6064,Sales,9/7/2015,65611.79,642,Suite 63
643,Dale,Bromfield,dbromfieldhu@netscape.com,223-230-5090,Sales,6/30/2011,36721.36,643,Apt 1242
644,Seth,Livingston,slivingstonhv@multiply.com,594-879-3213,Marketing,3/26/2009,125611.12,644,PO Box 72383
645,Teressa,Cortez,tcortezhw@who.int,264-489-6314,HR,12/16/2017,82301.03,645,Room 546
646,Hermina,Marchent,hmarchenthx@cisco.com,911-225-2728,Finance,1/14/2015,98855.79,646,Apt 1840
647,Ardene,Shires,ashireshy@merriam-webster.com,451-524-8799,HR,4/22/2019,38436.37,647,Room 41
648,Rina,Salaman,rsalamanhz@skype.com,509-701-6489,Sales,4/9/2002,86090.07,648,Room 167
649,Maura,Filde,mfildei0@t.co,244-746-3052,HR,6/3/2014,64137.08,649,Suite 98
650,Carolyne,Avesque,cavesquei1@npr.org,164-773-1774,Marketing,6/28/2007,100028.92,650,Suite 58
651,Arturo,Dumphy,adumphyi2@discuz.net,185-917-1743,Marketing,8/2/2001,33179.52,651,Apt 1449
652,Giles,Yanez,gyanezi3@tmall.com,133-178-2903,HR,9/9/2011,111705.16,652,Apt 1081
653,Cindy,Shiel,cshieli4@chron.com,924-170-5742,Finance,5/26/2007,74633.22,653,Apt 1792
654,Hansiain,Bealing,hbealingi5@instagram.com,667-137-5313,Marketing,6/17/2005,116553.0,654,Suite 26
655,Ted,Pavluk,tpavluki6@businessinsider.com,319-635-0002,Sales,1/25/2013,96499.51,655,Apt 911
656,Milena,Boumphrey,mboumphreyi7@networksolutions.com,954-899-6864,Finance,2/5/2020,72696.38,656,Room 82
657,Miles,Cashley,mcashleyi8@woothemes.com,621-941-2189,Sales,7/25/2009,52355.74,657,Apt 837
658,Kalle,Kuhnwald,kkuhnwaldi9@bing.com,523-520-7589,IT,9/7/2017,135123.34,658,18th Floor
659,Alie,Cabrara,acabraraia@taobao.com,177-231-2738,Sales,1/14/2017,115539.38,659,PO Box 49365
660,Wilona,Roome,wroomeib@spiegel.de,725-434-4762,Finance,12/27/2008,148308.93,660,Room 1150
661,Ingelbert,McClintock,imcclintockic@webnode.com,421-168-0805,HR,11/7/2015,144735.41,661,13th Floor
662,Silas,Fitchet,sfitchetid@msn.com,583-616-1587,Sales,7/26/2009,32939.56,662,Suite 18
663,Zackariah,Timoney,ztimoneyie@tripadvisor.com,794-448-0317,Sales,5/26/2021,139697.44,663,Room 1481
664,Ara,Paffot,apaffotif@skype.com,801-726-7773,HR,2/14/2014,145182.53,664,Apt 945
665,Cori,Emmot,cemmotig@dedecms.com,112-199-2200,Sales,1/21/2022,105849.29,665,Apt 1964
666,Daryle,Treffrey,dtreffreyih@amazon.co.jp,555-334-2790,Marketing,6/10/2001,115797.86,666,Room 607
667,Adaline,Norwell,anorwellii@cdbaby.com,601-606-9011,Marketing,10/20/2019,147636.09,667,Room 830
668,Javier,Caherny,jcahernyij@miibeian.gov.cn,700-548-4186,Sales,10/24/2005,84738.69,668,Apt 875
669,Fancie,McReath,fmcreathik@diigo.com,179-119-7432,IT,5/30/2016,74781.81,669,PO Box 36903
670,Augie,Maughan,amaughanil@ucoz.com,701-804-1415,Sales,6/17/2012,90124.95,670,Room 1810
671,Mylo,Gowans,mgowansim@thetimes.co.uk,742-740-9757,HR,3/29/2001,53635.15,671,PO Box 76642
672,Allard,Pavey,apaveyin@nhs.uk,119-227-5552,Sales,9/17/2022,125128.89,672,Room 1214
673,Nessa,Drever,ndreverio@e-recht24.de,550-212-5133,HR,10/5/2015,87399.86,673,Suite 75
674,Kennie,Chaffen,kchaffenip@intel.com,529-728-7770,Sales,5/12/2004,107473.4,674,Room 1422
675,Ralph,Ionnidis,rionnidisiq@chicagotribune.com,154-178-8283,IT,3/11/2017,118218.67,675,PO Box 8909
676,Coriss,Klaggeman,cklaggemanir@virginia.edu,569-433-9494,Marketing,8/23/2011,30492.44,676,Room 409
677,Kiley,Belshaw,kbelshawis@epa.gov,330-368-5880,Marketing,5/9/2020,37700.74,677,Apt 1066
678,Tim,Comini,tcominiit@webnode.com,792-934-9865,HR,11/17/2006,53063.87,678,Room 360
679,Leon,Lyokhin,llyokhiniu@nps.gov,873-709-9780,IT,10/7/2003,42503.75,679,Apt 4
680,Jodi,Josefer,jjoseferiv@google.com.au,718-398-9615,Sales,3/30/2000,141218.03,680,Room 795
681,Haslett,Speedy,hspeedyiw@fotki.com,798-174-7567,HR,5/30/2008,84925.09,681,Apt 874
682,Quintus,Charsley,qcharsleyix@kickstarter.com,158-348-3202,IT,11/22/2002,61947.0,682,Apt 1906
683,Ariela,Garnar,agarnariy@examiner.com,714-855-7826,Marketing,4/29/2006,149094.68,683,Room 1185
684,Tam,Domoney,tdomoneyiz@hao123.com,122-157-4420,Marketing,5/27/2009,30362.24,684,PO Box 563
685,Boris,Sautter,bsautterj0@alexa.com,713-982-3533,Finance,1/22/2000,147776.52,685,PO Box 52936
686,Anthea,McKitterick,amckitterickj1@sourceforge.net,444-634-0529,IT,9/15/2020,67090.48,686,Apt 143
687,Verla,Pethrick,vpethrickj2@purevolume.com,803-963-6003,IT,11/10/2013,83925.74,687,9th Floor
688,Marge,Igonet,migonetj3@rambler.ru,336-924-1749,Marketing,7/16/2022,77391.51,688,7th Floor
689,Brittany,Westberg,bwestbergj4@edublogs.org,230-734-3590,HR,2/6/2017,53501.12,689,PO Box 23542
690,Marley,Lait,mlaitj5@bizjournals.com,478-285-6015,IT,11/29/2018,41778.4,690,12th Floor
691,Gabriel,Hember,ghemberj6@fotki.com,123-895-6389,Marketing,10/21/2021,113475.26,691,1st Floor
692,Abeu,Turfitt,aturfittj7@pbs.org,223-701-5611,Finance,3/7/2005,85120.2,692,Apt 181
693,Ailsun,Faircliffe,afaircliffej8@google.es,806-896-6311,Sales,6/22/2022,140023.33,693,2nd Floor
694,Claudine,Sawden,csawdenj9@statcounter.com,232-133-8492,Marketing,12/16/2009,52054.31,694,Apt 1830
695,Tyrus,Figge,tfiggeja@tumblr.com,519-218-1815,HR,4/21/2008,84719.89,695,3rd Floor
696,Pebrook,Tarren,ptarrenjb@godaddy.com,541-385-1738,Marketing,1/10/2003,125035.31,696,Apt 89
697,Aurlie,Shreenan,ashreenanjc@joomla.org,416-463-7926,Marketing,6/14/2022,140604.68,697,Room 309
698,Curr,Bozier,cbozierjd@answers.com,669-894-0771,HR,12/19/2019,54824.89,698,Apt 1570
699,Hersh,Illem,hillemje@cornell.edu,966-422-7455,Sales,10/31/2003,137610.51,699,9th Floor
700,Ilene,Deeley,ideeleyjf@cam.ac.uk,505-928-0511,Finance,4/24/2021,119303.34,700,PO Box 98471
701,Brenn,Paffot,bpaffotjg@sourceforge.net,550-633-6031,Sales,4/25/2012,146796.49,701,Apt 1233
702,Becca,Newick,bnewickjh@fastcompany.com,484-205-2276,Sales,6/17/2022,35157.01,702,Suite 22
703,Chris,MacIlhagga,cmacilhaggaji@forbes.com,570-292-4069,Marketing,2/17/2019,93088.35,703,11th Floor
704,Lester,Feavyour,lfeavyourjj@homestead.com,444-788-2512,Marketing,12/12/2010,97758.46,704,Apt 610
705,Cyrus,Kunc,ckuncjk@google.ru,888-566-4037,Finance,9/27/2018,127458.26,705,5th Floor
706,Justine,Bingell,jbingelljl@google.es,678-605-3479,Finance,2/19/2010,38568.34,706,14th Floor
707,Malachi,Gammie,mgammiejm@dagondesign.com,212-885-1342,IT,4/6/2013,63033.59,707,Suite 19
708,Cornell,Rollings,crollingsjn@opera.com,506-816-4115,HR,12/2/2020,62140.9,708,Room 1074
709,Ax,Meins,ameinsjo@nbcnews.com,112-597-2210,HR,4/23/2021,86462.39,709,Room 1944
710,Henriette,Purple,hpurplejp@hud.gov,214-425-9364,Sales,3/10/2016,118043.67,710,Suite 12
711,Davin,Philliskirk,dphilliskirkjq@nifty.com,972-916-6034,Marketing,12/15/2017,126119.82,711,PO Box 64924
712,Shaine,Ranken,srankenjr@hud.gov,530-492-6878,IT,5/25/2019,39830.36,712,Suite 81
713,Spense,Hamill,shamilljs@wikimedia.org,621-989-5975,Marketing,1/27/2017,119412.37,713,Suite 2
714,Rene,Purtell,rpurtelljt@bandcamp.com,203-444-7742,Sales,2/4/2009,40584.93,714,15th Floor
715,Deedee,Moehle,dmoehleju@nydailynews.com,968-988-4846,Marketing,3/16/2015,65107.33,715,14th Floor
716,Eden,Bawles,ebawlesjv@pinterest.com,828-116-1691,Sales,10/28/2019,115194.92,716,Room 492
717,Eulalie,Drayson,edraysonjw@odnoklassniki.ru,734-363-6033,IT,10/21/2016,36155.54,717,1st Floor
718,Bailey,Toye,btoyejx@zdnet.com,346-579-6804,HR,9/24/2010,97775.93,718,Room 289
719,Prudy,Doughton,pdoughtonjy@google.pl,365-472-3715,IT,8/28/2016,148224.24,719,Apt 167
720,Wolf,Collingdon,wcollingdonjz@google.nl,553-999-0657,Finance,2/10/2004,128150.06,720,Suite 39
721,Cahra,Spratt,csprattk0@webeden.co.uk,971-484-6613,Sales,9/3/2011,84310.66,721,20th Floor
722,Blakelee,Gay,bgayk1@creativecommons.org,410-237-1628,HR,4/11/2007,122840.47,722,Suite 59
723,Killie,Scouler,kscoulerk2@chronoengine.com,809-109-7552,IT,2/22/2013,94387.29,723,Room 910
724,Efren,Daelman,edaelmank3@youtube.com,170-981-3198,IT,8/26/2001,110453.65,724,Suite 53
725,Alon,Sopp,asoppk4@deliciousdays.com,480-403-4155,Finance,12/26/2001,30884.19,725,PO Box 2613
726,Valery,McSherry,vmcsherryk5@cbsnews.com,835-630-7515,Finance,8/8/2013,47811.73,726,Apt 1437
727,Taite,Cossum,tcossumk6@princeton.edu,813-408-5354,IT,11/19/2012,137154.56,727,Suite 8
728,Hurley,De Francesco,hdefrancescok7@liveinternet.ru,938-111-9814,Sales,9/29/2018,90043.9,728,PO Box 64510
729,Marco,Ibberson,mibbersonk8@bloomberg.com,840-680-9175,Sales,6/5/2008,31035.31,729,PO Box 83026
730,Shir,Bootherstone,sbootherstonek9@blog.com,798-744-4969,Sales,9/28/2012,55568.11,730,18th Floor
731,Waring,Shieber,wshieberka@hud.gov,772-959-4726,HR,5/19/2013,47611.04,731,Room 1573
732,Mart,Charpling,mcharplingkb@ask.com,991-385-6147,Finance,2/1/2021,127778.13,732,Suite 30
733,Aldon,Lowery,alowerykc@instagram.com,631-870-8357,Marketing,8/25/2015,140150.61,733,Suite 79
734,Noam,Seal,nsealkd@newyorker.com,821-979-2171,IT,11/27/2015,68768.21,734,Apt 446
735,Dion,Bewshea,dbewsheake@sogou.com,685-514-4650,Finance,9/19/2001,133322.25,735,19th Floor
736,Drona,Fones,dfoneskf@edublogs.org,830-542-3003,Marketing,1/16/2015,50223.76,736,14th Floor
737,Adham,Chateau,achateaukg@bandcamp.com,504-850-8398,HR,9/3/2022,52814.14,737,Suite 10
738,Orlando,Gravells,ogravellskh@ehow.com,914-854-2229,Finance,3/3/2012,38252.72,738,Suite 97
739,Birch,Gove,bgoveki@addtoany.com,837-123-8138,IT,2/21/2010,97994.55,739,Suite 97
740,Garwin,Kevis,gkeviskj@ucla.edu,192-757-2410,Sales,10/6/2019,89112.58,740,Suite 56
741,Rosalynd,O'Suaird,rosuairdkk@unesco.org,751-502-5424,Finance,5/10/2004,117394.15,741,Room 1268
742,Dario,Ben,dbenkl@newyorker.com,282-239-2136,Sales,8/31/2022,40588.73,742,10th Floor
743,Melvyn,Klejna,mklejnakm@themeforest.net,618-214-0675,Sales,6/6/2015,41153.39,743,Apt 719
744,Dareen,Beddon,dbeddonkn@cisco.com,154-631-4597,Sales,12/28/2004,35788.25,744,Room 655
745,Gibb,Kondrachenko,gkondrachenkoko@tiny.cc,849-721-2029,Sales,1/9/2000,77779.51,745,Suite 59
746,Marlo,Chitham,mchithamkp@fastcompany.com,244-263-7148,Finance,8/21/2008,129664.59,746,PO Box 40655
747,Arron,Toothill,atoothillkq@cbsnews.com,370-699-3537,Marketing,11/6/2010,138720.74,747,Room 762
748,Bradford,Peet,bpeetkr@quantcast.com,976-643-9876,IT,4/8/2003,63367.25,748,2nd Floor
749,Jeffie,Mawman,jmawmanks@dagondesign.com,175-467-3052,HR,6/3/2002,139372.46,749,Apt 273
750,Petrina,Gwatkins,pgwatkinskt@jugem.jp,420-268-5627,HR,4/4/2005,30673.8,750,7th Floor
751,Somerset,Masterman,smastermanku@altervista.org,779-201-9565,Marketing,1/1/2009,91582.0,751,Suite 25
752,Catlaina,Cornier,ccornierkv@jugem.jp,548-860-9104,Marketing,8/2/2007,101115.49,752,Suite 1
753,Barney,Pellew,bpellewkw@hugedomains.com,212-863-1810,Marketing,1/16/2007,37115.71,753,1st Floor
754,Phebe,Roswarn,proswarnkx@msn.com,397-847-5753,HR,12/15/2022,50123.59,754,Apt 564
755,Shawnee,Chichgar,schichgarky@youku.com,724-397-7934,Finance,7/8/2015,47314.37,755,PO Box 12809
756,Gwenneth,McConway,gmcconwaykz@comcast.net,913-503-8654,Sales,4/20/2001,133312.3,756,PO Box 22344
757,Aida,Bernolet,abernoletl0@stanford.edu,706-557-9634,HR,6/2/2012,45015.13,757,Room 774
758,Ermengarde,Courtenay,ecourtenayl1@liveinternet.ru,283-391-7537,Marketing,2/11/2011,47737.21,758,Suite 64
759,Alex,Sydney,asydneyl2@pbs.org,548-846-5054,HR,7/22/2008,62544.74,759,Apt 708
760,Carlita,Harrop,charropl3@ustream.tv,371-242-7661,Finance,1/19/2013,89685.26,760,9th Floor
761,Valeria,Fisbey,vfisbeyl4@cargocollective.com,949-363-2935,Marketing,9/3/2021,50901.87,761,13th Floor
762,Noellyn,Dwire,ndwirel5@gizmodo.com,711-141-3992,IT,5/17/2018,78313.55,762,Suite 7
763,Osborne,Higgonet,ohiggonetl6@ezinearticles.com,313-105-5970,Sales,6/6/2006,136910.31,763,Room 927
764,Christye,Ordemann,cordemannl7@timesonline.co.uk,957-815-5970,Marketing,5/17/2020,51198.97,764,Room 120
765,Alvera,Caustic,acausticl8@bravesites.com,156-335-4421,IT,12/24/2013,46985.7,765,5th Floor
766,Barry,Haskew,bhaskewl9@cbc.ca,117-594-4184,Finance,1/2/2003,78354.1,766,7th Floor
767,Lacy,Willmett,lwillmettla@parallels.com,755-135-0328,HR,5/7/2006,106710.29,767,Apt 855
768,Titos,Manclark,tmanclarklb@about.me,134-406-3687,Finance,11/18/2001,36911.61,768,16th Floor
769,Ewen,Dowse,edowselc@sohu.com,917-976-3380,Marketing,10/16/2018,105733.23,769,Apt 793
770,Carmelita,Wyper,cwyperld@toplist.cz,628-215-7947,HR,12/25/2008,42196.17,770,Suite 84
771,Curran,Poulney,cpoulneyle@skype.com,531-623-0063,Finance,10/29/2015,41293.26,771,PO Box 62375
772,Anthiathia,Whitham,awhithamlf@devhub.com,718-527-1174,IT,4/6/2007,103924.89,772,9th Floor
773,Caron,Binne,cbinnelg@ibm.com,360-672-4829,HR,11/2/2005,112621.47,773,Suite 2
774,Marie-ann,Kitchinham,mkitchinhamlh@ucoz.ru,350-665-8390,IT,12/24/2009,122299.69,774,Suite 67
775,Deeanne,Ivashechkin,divashechkinli@shinystat.com,256-554-9473,Finance,6/13/2017,92964.81,775,Suite 18
776,Fanchon,Bechley,fbechleylj@51.la,234-355-2466,HR,12/21/2022,137467.05,776,9th Floor
777,Foss,Woodroff,fwoodrofflk@tmall.com,216-591-3332,Marketing,6/4/2013,78201.89,777,Room 1439
778,Hetti,Crosier,hcrosierll@ow.ly,378-112-0938,Sales,9/12/2011,106632.3,778,PO Box 98077
779,Laney,Fargie,lfargielm@smugmug.com,703-894-2328,Sales,11/8/2017,40358.04,779,Apt 1061
780,Darb,Warnock,dwarnockln@reddit.com,877-248-9014,HR,1/21/2016,132307.91,780,Suite 80
781,Brendon,Coneau,bconeaulo@aol.com,258-370-3708,Marketing,9/13/2013,100426.18,781,Suite 58
782,Cristiano,Haughan,chaughanlp@reuters.com,496-472-7701,Finance,9/27/2002,103204.39,782,PO Box 82447
783,Ermanno,Mansfield,emansfieldlq@gov.uk,291-888-7686,IT,5/22/2015,116790.93,783,Suite 83
784,Marnia,Heggison,mheggisonlr@soup.io,137-579-5952,HR,9/13/2011,35558.29,784,PO Box 26173
785,Georgiana,Aldiss,galdissls@mac.com,604-838-5218,HR,12/27/2015,51475.49,785,PO Box 29625
786,Caspar,Strange,cstrangelt@shop-pro.jp,606-422-5689,Finance,9/13/2019,109876.93,786,Room 1760
787,Joli,Sawer,jsawerlu@arizona.edu,992-604-5333,HR,11/3/2010,145614.25,787,Apt 1630
788,Yule,Heliot,yheliotlv@fc2.com,371-217-1093,IT,4/3/2011,118204.67,788,Apt 1959
789,Cointon,Toppas,ctoppaslw@opensource.org,108-159-1634,IT,7/4/2009,66389.39,789,9th Floor
790,Kassey,Stearn,kstearnlx@bing.com,792-827-5249,HR,3/20/2001,86266.79,790,PO Box 57331
791,Jermayne,Wraighte,jwraightely@hp.com,963-321-7586,Sales,2/6/2002,87846.52,791,Apt 392
792,Ryann,Huegett,rhuegettlz@usda.gov,133-722-0738,Finance,8/18/2008,62107.58,792,PO Box 58977
793,Dayle,Alloway,dallowaym0@dedecms.com,546-616-3034,Finance,1/15/2004,97154.03,793,18th Floor
794,Arielle,Frontczak,afrontczakm1@cnet.com,798-930-3688,HR,8/4/2011,40502.13,794,Room 501
795,Granny,Hallows,ghallowsm2@foxnews.com,957-297-8419,Finance,12/8/2015,88748.79,795,15th Floor
796,Jabez,Linny,jlinnym3@businesswire.com,357-810-9384,HR,2/9/2006,88403.24,796,Room 1482
797,Jannelle,Durkin,jdurkinm4@mediafire.com,587-121-3981,HR,8/19/2000,137265.08,797,16th Floor
798,Madelin,Barstow,mbarstowm5@tinyurl.com,931-635-1552,Marketing,1/16/2018,132861.98,798,12th Floor
799,Chelsae,Mackilpatrick,cmackilpatrickm6@wordpress.com,954-456-5032,Sales,8/19/2002,61266.81,799,13th Floor
800,Lemmie,Boich,lboichm7@pen.io,428-574-7790,Sales,9/30/2012,136083.77,800,10th Floor
801,Bordie,Tompion,btompionm8@cyberchimps.com,135-590-1091,Marketing,10/6/2003,95737.32,801,12th Floor
802,Hector,O'Sharkey,hosharkeym9@wikimedia.org,985-195-9594,Sales,4/20/2003,52252.25,802,Room 742
803,Otes,Pavolillo,opavolilloma@nasa.gov,648-904-6446,IT,10/8/2016,54798.89,803,PO Box 13947
804,Westleigh,Brokenshaw,wbrokenshawmb@google.com.hk,644-178-3838,Finance,7/31/2000,106695.31,804,17th Floor
805,Wilfrid,Marriot,wmarriotmc@globo.com,348-569-6414,IT,2/8/2009,47519.37,805,Suite 88
806,Brandise,Iannini,bianninimd@answers.com,158-590-5633,Sales,6/28/2013,122884.27,806,Room 1254
807,Fanny,Jeschner,fjeschnerme@theglobeandmail.com,681-192-5521,HR,1/10/2020,147173.05,807,Suite 7
808,Lorianne,Osan,losanmf@g.co,689-966-7181,HR,5/30/2000,135780.65,808,PO Box 23825
809,Neill,Sainer,nsainermg@sitemeter.com,416-485-2180,IT,3/23/2000,37519.84,809,13th Floor
810,Shanie,Blader,sbladermh@aol.com,335-426-1329,Sales,1/18/2016,87312.41,810,Room 1589
811,Smith,Burdekin,sburdekinmi@ted.com,135-406-6713,Marketing,9/2/2013,53397.47,811,19th Floor
812,Gunner,Dishmon,gdishmonmj@apache.org,914-412-0117,IT,10/16/2013,53476.89,812,Apt 353
813,Montgomery,Spurr,mspurrmk@zdnet.com,222-392-3232,Sales,2/18/2022,84155.36,813,Suite 94
814,Kele,Wagg,kwaggml@quantcast.com,195-203-2073,Marketing,11/14/2009,54431.92,814,Room 1660
815,Tammy,Fader,tfadermm@marriott.com,439-333-0468,HR,1/25/2005,49561.81,815,Apt 85
816,Dmitri,Algie,dalgiemn@shutterfly.com,642-293-3800,Finance,8/16/2004,128618.62,816,PO Box 22185
817,Libbi,Janaszewski,ljanaszewskimo@examiner.com,195-919-2626,IT,2/21/2008,140365.12,817,Room 488
818,Robin,Ibbeson,ribbesonmp@admin.ch,998-992-1449,Marketing,12/20/2010,114452.15,818,Apt 433
819,Heidie,Loweth,hlowethmq@tinyurl.com,148-818-2981,HR,3/23/2018,42456.51,819,PO Box 7123
820,Michaela,Rigbye,mrigbyemr@seesaa.net,646-654-9540,Marketing,5/28/2015,99574.84,820,7th Floor
821,Yulma,Maclean,ymacleanms@biblegateway.com,181-827-4988,Marketing,6/20/2008,54832.64,821,Apt 855
822,Debra,Rutland,drutlandmt@nationalgeographic.com,855-479-0935,HR,12/14/2020,81871.64,822,PO Box 23582
823,Coleman,Beldam,cbeldammu@4shared.com,479-579-1993,HR,3/13/2005,42469.4,823,Apt 1506
824,Sheelagh,Galle,sgallemv@sfgate.com,738-836-9096,Sales,3/31/2012,39419.25,824,Room 892
825,Chip,Dodsley,cdodsleymw@youku.com,749-541-3141,IT,7/3/2007,110638.97,825,Suite 33
826,Michaella,Ealam,mealammx@nymag.com,141-221-5942,Marketing,5/12/2011,137251.4,826,Suite 77
827,Lana,MacSween,lmacsweenmy@hugedomains.com,108-568-7167,IT,12/27/2022,36708.2,827,Apt 565
828,Yance,Holby,yholbymz@harvard.edu,689-306-4138,IT,8/24/2016,68332.31,828,11th Floor
829,Bethanne,Choldcroft,bcholdcroftn0@ovh.net,215-724-1250,Marketing,3/24/2016,38025.13,829,Suite 25
830,Pinchas,McLafferty,pmclaffertyn1@nsw.gov.au,260-157-7277,Sales,11/8/2010,47170.02,830,Room 1598
831,Boonie,Toulson,btoulsonn2@imgur.com,598-574-1045,IT,12/29/2011,35580.39,831,Room 735
832,Remy,Garden,rgardenn3@goodreads.com,217-266-4308,Finance,1/27/2005,56316.0,832,17th Floor
833,Ronnie,Hampshire,rhampshiren4@networksolutions.com,590-579-2558,Sales,1/14/2007,58851.9,833,Apt 272
834,Karlyn,Antoniou,kantonioun5@cyberchimps.com,369-529-7013,Finance,4/24/2001,46219.49,834,Apt 1979
835,Emlen,Pickersgill,epickersgilln6@blogs.com,268-181-2482,Marketing,7/23/2013,84363.37,835,Suite 91
836,Isahella,Cadreman,icadremann7@deliciousdays.com,949-472-7056,Sales,9/4/2011,108499.65,836,Suite 85
837,Arlin,McBain,amcbainn8@imgur.com,240-519-6451,HR,7/28/2003,131751.63,837,Room 768
838,Hetty,Riggott,hriggottn9@paypal.com,515-231-9289,HR,10/3/2005,45460.72,838,Suite 55
839,Fraser,Vlasov,fvlasovna@slideshare.net,370-699-9954,IT,9/24/2020,75949.9,839,Apt 1310
840,Irita,Sampson,isampsonnb@bizjournals.com,419-748-8556,Sales,6/8/2011,82571.5,840,Room 429
841,Gabrielle,Beazer,gbeazernc@cocolog-nifty.com,726-916-2271,IT,1/30/2010,30589.82,841,18th Floor
842,Lefty,McMurty,lmcmurtynd@friendfeed.com,780-481-2506,Finance,2/18/2014,47972.41,842,PO Box 70096
843,Zola,Chaves,zchavesne@wix.com,527-597-8214,Sales,1/10/2017,64302.41,843,Apt 1818
844,Jenica,Okker,jokkernf@desdev.cn,244-634-8295,Sales,1/26/2012,113339.77,844,Apt 1671
845,Lainey,Ridd,lriddng@free.fr,125-104-8752,HR,11/30/2010,91451.58,845,Room 1880
846,Joyan,Bard,jbardnh@arstechnica.com,206-253-4938,Finance,7/28/2013,64457.36,846,Room 327
847,Nola,Ramel,nramelni@ucsd.edu,598-835-3283,Sales,7/20/2006,98245.54,847,19th Floor
848,Jedd,Swadden,jswaddennj@sohu.com,549-455-0724,Finance,7/17/2000,72107.24,848,12th Floor
849,Ekaterina,Eddisford,eeddisfordnk@spotify.com,434-774-2676,Marketing,6/7/2005,86317.11,849,8th Floor
850,Adan,De Bruijne,adebruijnenl@sun.com,152-894-3848,Marketing,5/31/2009,78036.47,850,Room 1974
851,Orren,Howels,ohowelsnm@bigcartel.com,197-609-4276,Marketing,9/12/2014,91759.36,851,19th Floor
852,Latrena,Bowbrick,lbowbricknn@com.com,635-643-0860,HR,3/4/2017,149601.4,852,Room 1940
853,Francoise,Cuppleditch,fcuppleditchno@studiopress.com,591-324-2626,HR,6/7/2001,142662.28,853,Apt 1766
854,Leroy,Kennewell,lkennewellnp@ucoz.ru,305-701-3289,Sales,12/19/2010,135549.96,854,Apt 259
855,Jerry,Squeers,jsqueersnq@163.com,706-274-9473,Marketing,12/21/2003,61652.5,855,Apt 199
856,Jilli,Tritten,jtrittennr@gmpg.org,971-389-6617,Finance,9/5/2017,145653.86,856,12th Floor
857,Nedi,Hanby,nhanbyns@yahoo.co.jp,407-113-6018,IT,7/4/2013,76002.95,857,19th Floor
858,Timmie,Lehrer,tlehrernt@aboutads.info,335-985-4070,Finance,5/23/2000,127046.11,858,Apt 1243
859,Anthony,Grzes,agrzesnu@si.edu,888-589-6565,HR,1/19/2005,111888.62,859,18th Floor
860,Sol,Robelow,srobelownv@so-net.ne.jp,835-189-8327,Marketing,2/8/2018,33133.47,860,Apt 512
861,Cole,Coarser,ccoarsernw@dell.com,689-377-6293,IT,7/29/2003,128562.92,861,Room 209
862,Allix,Fenne,afennenx@chron.com,148-486-3845,IT,3/26/2015,145225.9,862,Room 313
863,Ingaborg,Jarrard,ijarrardny@cisco.com,377-590-6940,HR,4/13/2012,30101.55,863,12th Floor
864,Dino,Cropper,dcroppernz@miitbeian.gov.cn,775-840-6623,IT,8/28/2006,45785.2,864,Suite 98
865,Madelin,McMains,mmcmainso0@artisteer.com,209-329-5148,HR,8/11/2005,141931.12,865,Suite 39
866,Lolly,Duckhouse,lduckhouseo1@google.pl,348-986-7544,Finance,3/8/2007,41157.87,866,Apt 1956
867,Cynthie,Wasmuth,cwasmutho2@seesaa.net,557-554-1669,Marketing,12/25/2002,133539.17,867,Apt 23
868,Bartholomew,Fergusson,bfergussono3@canalblog.com,707-938-7742,IT,6/8/2022,76530.27,868,8th Floor
869,Dona,Dargavel,ddargavelo4@multiply.com,651-773-4768,Marketing,1/25/2013,121786.23,869,PO Box 7103
870,Trever,Tinwell,ttinwello5@csmonitor.com,514-902-1635,Sales,7/29/2015,46218.04,870,Apt 1687
871,Brnaby,Tacker,btackero6@opera.com,792-254-2142,Marketing,8/10/2000,115375.06,871,Suite 77
872,Sheelah,Gloster,sglostero7@cafepress.com,199-805-8690,Finance,11/3/2007,51065.38,872,Room 1682
873,Blinny,Shepstone,bshepstoneo8@github.com,228-587-3837,Finance,12/19/2021,53012.51,873,5th Floor
874,Tonie,Bedingfield,tbedingfieldo9@barnesandnoble.com,742-866-3025,HR,2/11/2003,122246.36,874,Room 863
875,Courtenay,Kilborn,ckilbornoa@lycos.com,479-354-4681,Finance,3/14/2000,89524.15,875,Suite 23
876,Aura,Boulton,aboultonob@yolasite.com,767-945-0207,IT,8/15/2016,105668.87,876,Apt 1025
877,Eimile,Staneland,estanelandoc@miibeian.gov.cn,806-379-5379,HR,2/12/2012,89348.78,877,Apt 51
878,Abby,Willox,awilloxod@ucla.edu,864-149-5840,Marketing,8/5/2019,81272.43,878,Suite 15
879,Iago,Mackett,imackettoe@sciencedaily.com,601-251-0323,Marketing,10/13/2000,102572.56,879,Suite 25
880,Odetta,Craig,ocraigof@biglobe.ne.jp,825-766-4857,IT,8/23/2012,96338.37,880,Room 682
881,Jeffie,Demicoli,jdemicoliog@ezinearticles.com,542-708-3749,Sales,7/24/2011,149627.33,881,Apt 558
882,Charo,Bartzen,cbartzenoh@g.co,201-429-5296,Sales,9/2/2009,55950.81,882,PO Box 80240
883,Aurel,Speir,aspeiroi@redcross.org,578-755-4268,IT,1/14/2004,46120.05,883,PO Box 70805
884,Lorant,Jacmar,ljacmaroj@myspace.com,202-862-1693,Sales,2/3/2014,111209.97,884,Apt 1029
885,Arlene,Branton,abrantonok@zdnet.com,743-863-0208,Finance,2/29/2000,66479.3,885,18th Floor
886,Tomas,Ziehm,tziehmol@sun.com,146-172-1524,IT,1/9/2015,48058.26,886,PO Box 2532
887,Jedediah,Migheli,jmigheliom@comcast.net,512-565-6655,Sales,7/3/2019,37234.51,887,Suite 19
888,Dasya,Casina,dcasinaon@csmonitor.com,698-607-6856,Marketing,1/4/2008,78589.62,888,1st Floor
889,Jereme,Emmanueli,jemmanuelioo@hp.com,546-691-0904,Sales,5/4/2022,131902.42,889,Suite 79
890,Missy,Mapes,mmapesop@tripadvisor.com,682-664-0520,Finance,8/1/2013,82278.85,890,Room 349
891,Vassili,Easterbrook,veasterbrookoq@addtoany.com,395-988-6776,Finance,1/8/2012,79855.08,891,Apt 1271
892,Catlaina,Steger,cstegeror@nature.com,727-553-8923,Marketing,6/9/2021,137661.56,892,Apt 1786
893,Leonard,Annatt,lannattos@deviantart.com,407-519-6014,Sales,10/12/2012,37808.1,893,Room 1473
894,Meade,Manville,mmanvilleot@cdc.gov,958-606-6371,Finance,10/27/2003,109291.43,894,Apt 1034
895,Cassey,Vel,cvelou@sphinn.com,691-394-4031,IT,7/13/2001,37189.7,895,Suite 72
896,Abbye,Henkens,ahenkensov@kickstarter.com,927-989-9739,Marketing,5/21/2007,89640.44,896,17th Floor
897,Haley,Catcheside,hcatchesideow@exblog.jp,446-534-4470,HR,12/2/2000,48321.2,897,12th Floor
898,Freddi,Aspinal,faspinalox@umich.edu,877-945-9337,Marketing,9/7/2000,95641.17,898,Apt 1243
899,Celestyna,Swarbrigg,cswarbriggoy@newsvine.com,799-887-8964,Marketing,1/25/2020,54543.66,899,PO Box 95431
900,Erda,Seedull,eseedulloz@google.it,596-124-5217,Sales,4/15/2022,49337.63,900,5th Floor
901,Blinnie,Duignan,bduignanp0@surveymonkey.com,700-490-5598,Marketing,8/26/2009,84875.57,901,Suite 61
902,Pearle,Iggalden,piggaldenp1@columbia.edu,697-791-4150,HR,2/6/2017,138854.19,902,Suite 52
903,Patti,Hattersley,phattersleyp2@skyrock.com,180-923-9823,Sales,11/25/2012,56034.6,903,Room 608
904,Virgie,Meconi,vmeconip3@sohu.com,719-616-4387,IT,11/14/2022,64353.71,904,4th Floor
905,Tera,Scotford,tscotfordp4@uol.com.br,225-530-3520,IT,3/26/2016,113662.93,905,Apt 1799
906,Ilse,Andreazzi,iandreazzip5@php.net,834-647-9058,Sales,10/3/2005,118836.46,906,Suite 85
907,Tildy,Meins,tmeinsp6@wikia.com,392-601-5584,HR,3/11/2008,63810.09,907,Suite 58
908,Vaughan,Vosper,vvosperp7@chronoengine.com,484-216-3620,HR,9/4/2012,140549.03,908,Suite 22
909,Lavinie,Chesworth,lchesworthp8@oakley.com,100-219-6289,Finance,9/1/2000,141398.92,909,3rd Floor
910,Giacobo,Elsby,gelsbyp9@creativecommons.org,768-400-8614,IT,6/29/2018,47005.43,910,Apt 1837
911,Rosette,Blasetti,rblasettipa@marriott.com,150-778-4496,Finance,10/24/2013,106370.88,911,Apt 686
912,Sully,Coxon,scoxonpb@jalbum.net,592-625-3072,HR,4/13/2020,64806.93,912,Apt 636
913,Sunshine,Fulle,sfullepc@so-net.ne.jp,986-369-1820,IT,5/13/2018,112300.44,913,Apt 346
914,Ardella,Franchyonok,afranchyonokpd@cdbaby.com,438-708-0414,IT,10/17/2021,148190.81,914,PO Box 43624
915,Alic,Abramowitz,aabramowitzpe@fda.gov,285-119-8946,IT,9/12/2014,31521.36,915,Suite 59
916,Douglass,Sam,dsampf@webmd.com,390-674-4866,Finance,2/2/2005,119705.99,916,15th Floor
917,Ameline,Hospital,ahospitalpg@indiatimes.com,976-356-8919,Finance,4/28/2009,81481.82,917,9th Floor
918,West,Christaeas,wchristaeasph@omniture.com,571-872-7427,Sales,12/4/2001,88851.87,918,9th Floor
919,Selena,Rive,srivepi@upenn.edu,288-340-3327,Marketing,1/24/2000,66678.34,919,Suite 22
920,Edie,MacCardle,emaccardlepj@cyberchimps.com,588-301-9750,Sales,1/9/2017,120126.3,920,PO Box 65440
921,Webster,Stedson,wstedsonpk@usgs.gov,470-560-6961,Finance,7/9/2021,94973.63,921,14th Floor
922,Willey,Ragsdall,wragsdallpl@sitemeter.com,305-984-8199,Sales,6/23/2006,108084.98,922,Apt 1264
923,Mervin,De Castri,mdecastripm@vinaora.com,407-635-8959,Sales,6/20/2016,109410.65,923,PO Box 61275
924,Luelle,Bowker,lbowkerpn@trellian.com,921-979-6126,Finance,9/21/2008,71438.5,924,19th Floor
925,Alyse,Hamberstone,ahamberstonepo@dagondesign.com,852-603-4942,IT,4/28/2004,37584.57,925,Apt 558
926,Cherice,Ferrarese,cferraresepp@bbb.org,972-117-1334,Marketing,6/9/2017,149130.8,926,6th Floor
927,Timothea,Gouldstraw,tgouldstrawpq@wordpress.com,409-855-6101,HR,11/5/2003,138554.15,927,Apt 1905
928,Dido,MacIlory,dmacilorypr@livejournal.com,850-200-3784,Sales,11/19/2019,34510.93,928,PO Box 45158
929,Magdalene,Boyne,mboyneps@epa.gov,934-864-0336,HR,8/8/2016,118758.64,929,Room 1439
930,Renado,Scullion,rscullionpt@cpanel.net,260-264-2679,IT,12/21/2002,93165.21,930,Room 1101
931,Linc,Morden,lmordenpu@theatlantic.com,560-670-6268,Marketing,12/8/2014,149388.99,931,14th Floor
932,Casar,Bonanno,cbonannopv@google.com,353-258-3958,Sales,6/25/2012,82422.3,932,16th Floor
933,Perry,Haversham,phavershampw@wisc.edu,952-947-6519,HR,10/6/2015,101936.7,933,Apt 431
934,Oralle,Wartonby,owartonbypx@simplemachines.org,192-142-2282,IT,3/18/2008,136864.75,934,Apt 871
935,Nissie,Fulleylove,nfulleylovepy@samsung.com,570-905-9383,Sales,10/8/2003,112800.19,935,Apt 703
936,Aristotle,Pashley,apashleypz@imgur.com,651-772-8542,IT,3/17/2017,65973.03,936,Apt 1832
937,Carlie,Prine,cprineq0@hc360.com,281-943-3308,IT,5/26/2003,122289.64,937,Room 297
938,Rozina,Worsam,rworsamq1@craigslist.org,211-645-2022,Marketing,4/26/2012,63831.57,938,15th Floor
939,Larine,Thying,lthyingq2@hubpages.com,518-911-0969,IT,3/22/2011,92331.08,939,Suite 64
940,Damaris,Lissaman,dlissamanq3@ameblo.jp,520-560-6761,HR,3/31/2022,126779.86,940,Room 1584
941,Warner,Lob,wlobq4@geocities.jp,265-636-4880,Sales,11/27/2011,75583.72,941,17th Floor
942,Israel,Sully,isullyq5@sciencedaily.com,854-801-1867,Marketing,4/29/2017,35003.0,942,Apt 499
943,Aggie,Peeter,apeeterq6@github.io,726-483-6546,IT,11/13/2018,81554.14,943,18th Floor
944,Crysta,Fetteplace,cfetteplaceq7@tripod.com,815-116-2999,Finance,6/10/2001,50031.93,944,Room 829
945,Winifred,Duhig,wduhigq8@themeforest.net,764-144-3473,HR,4/9/2017,90300.26,945,Room 710
946,Steffen,Conklin,sconklinq9@over-blog.com,639-539-4731,IT,1/9/2005,36525.57,946,6th Floor
947,Malchy,Roggieri,mroggieriqa@umn.edu,499-387-6745,IT,12/16/2016,36609.85,947,PO Box 5992
948,Christophorus,Russo,crussoqb@un.org,712-281-4233,HR,4/13/2008,48512.39,948,PO Box 32981
949,Tedra,Pennaman,tpennamanqc@google.co.uk,956-776-9114,Marketing,10/6/2016,68746.17,949,Room 335
950,Graehme,Gerlts,ggerltsqd@infoseek.co.jp,288-981-4369,Finance,9/29/2017,102955.41,950,Suite 27
951,Fulvia,Eisig,feisigqe@xinhuanet.com,710-938-6100,HR,2/11/2004,70894.72,951,Apt 1088
952,Mata,Howles,mhowlesqf@goo.ne.jp,820-317-9534,Sales,7/10/2001,69807.39,952,3rd Floor
953,Hedwig,Ellif,hellifqg@a8.net,815-863-3215,Sales,7/2/2003,128275.53,953,Suite 95
954,Gill,Adriaan,gadriaanqh@indiegogo.com,297-912-8213,Finance,7/4/2003,122178.41,954,Apt 1949
955,Nanny,Goodbarne,ngoodbarneqi@woothemes.com,433-907-4435,Marketing,4/19/2021,34439.9,955,Apt 1894
956,Ardisj,Foulsham,afoulshamqj@businessweek.com,281-707-5291,HR,2/25/2004,45978.62,956,Apt 1053
957,Kimberlee,McKeaney,kmckeaneyqk@cbsnews.com,487-230-0900,HR,8/15/2010,33192.48,957,PO Box 39645
958,Mavis,Colecrough,mcolecroughql@state.gov,925-236-9387,Finance,2/22/2003,43693.39,958,Room 1396
959,Borg,Walliker,bwallikerqm@mapy.cz,358-278-8018,HR,1/10/2010,39767.53,959,Room 1209
960,Abigale,Regina,areginaqn@umn.edu,724-885-4657,IT,2/1/2008,75668.26,960,PO Box 4069
961,Lenna,Pedden,lpeddenqo@cbsnews.com,857-383-2753,HR,9/12/2008,91384.76,961,13th Floor
962,Dorothee,Jancso,djancsoqp@phpbb.com,125-218-3346,Marketing,1/29/2004,124777.03,962,Room 145
963,Maisie,Gosselin,mgosselinqq@latimes.com,150-780-2682,Sales,4/18/2001,52993.86,963,PO Box 45579
964,Hilda,Strickland,hstricklandqr@go.com,123-330-7083,IT,9/11/2016,117326.41,964,Room 609
965,Kessia,Frangello,kfrangelloqs@tamu.edu,180-691-5863,IT,11/18/2005,144675.02,965,PO Box 43032
966,Lonny,Stroton,lstrotonqt@flickr.com,739-514-4184,Finance,11/10/2004,139301.01,966,Apt 1470
967,Ricca,Pusey,rpuseyqu@discovery.com,340-904-6556,HR,12/5/2011,130277.05,967,Apt 458
968,Claudia,Leagas,cleagasqv@skyrock.com,854-624-3062,Finance,2/9/2004,119579.54,968,Apt 224
969,Shannon,Adnams,sadnamsqw@home.pl,738-296-7506,Sales,2/15/2016,82162.21,969,PO Box 86277
970,Evelyn,Dikes,edikesqx@phpbb.com,670-291-8306,Marketing,12/29/2007,102087.8,970,Suite 43
971,Atlanta,Eaken,aeakenqy@wunderground.com,650-802-0458,Sales,5/26/2007,55872.23,971,PO Box 34749
972,Janene,Gavaran,jgavaranqz@mit.edu,516-339-4415,HR,2/15/2002,116424.18,972,Room 500
973,Cinnamon,Purrier,cpurrierr0@icq.com,406-353-1342,IT,4/13/2015,145908.19,973,Suite 14
974,Keith,Carlsen,kcarlsenr1@google.co.jp,775-458-9662,Sales,12/29/2014,73600.32,974,Apt 1248
975,Jayne,Swigger,jswiggerr2@yellowpages.com,579-886-7493,IT,12/26/2016,67365.63,975,17th Floor
976,Brit,Lakeman,blakemanr3@sun.com,976-722-6126,Sales,11/27/2008,89774.37,976,Suite 43
977,Magnum,Doniso,mdonisor4@tamu.edu,850-251-4299,Marketing,8/4/2016,34350.47,977,Apt 1151
978,Terese,Cecchi,tcecchir5@discovery.com,471-121-0473,HR,6/13/2013,81784.2,978,Suite 91
979,Lion,Stock,lstockr6@bigcartel.com,706-407-9671,HR,11/30/2022,87155.37,979,Suite 43
980,Sharla,Mulcahy,smulcahyr7@typepad.com,526-923-1462,Finance,7/6/2021,89686.38,980,Suite 62
981,Mose,Chillistone,mchillistoner8@facebook.com,469-634-6787,HR,4/27/2007,35969.77,981,PO Box 98635
982,Leone,Clash,lclashr9@admin.ch,760-171-2075,Sales,5/4/2002,47447.05,982,Room 733
983,Cornelle,Geraudy,cgeraudyra@tmall.com,707-414-1660,HR,1/4/2010,33109.49,983,Apt 1311
984,Roobbie,Tisor,rtisorrb@epa.gov,638-494-0988,IT,4/13/2007,60081.15,984,PO Box 43437
985,Gwennie,Kilminster,gkilminsterrc@miitbeian.gov.cn,619-950-0225,HR,12/27/2009,149709.46,985,Apt 1552
986,Lamont,Simonsen,lsimonsenrd@whitehouse.gov,310-330-2815,Marketing,9/7/2008,59697.95,986,Apt 594
987,Anabel,Rawlingson,arawlingsonre@zimbio.com,565-511-4248,Marketing,4/5/2014,68227.3,987,PO Box 42973
988,Lucias,Bickmore,lbickmorerf@miibeian.gov.cn,529-614-8381,HR,8/15/2018,42711.71,988,PO Box 10131
989,Franzen,Devine,fdevinerg@linkedin.com,470-338-9132,HR,1/5/2017,60748.14,989,Apt 1749
990,Keelby,Jepps,kjeppsrh@joomla.org,647-350-4251,Marketing,11/6/2018,35910.24,990,PO Box 77141
991,Midge,Hamlington,mhamlingtonri@ebay.co.uk,994-731-2692,Finance,5/16/2014,79628.71,991,Suite 99
992,Alina,Linebarger,alinebargerrj@nytimes.com,669-927-5238,Sales,6/6/2009,86074.64,992,Apt 1601
993,Guthrie,Surman-Wells,gsurmanwellsrk@rakuten.co.jp,496-988-3888,Finance,3/26/2009,78507.11,993,Apt 883
994,Madeleine,Barosch,mbaroschrl@home.pl,887-539-1993,Sales,1/18/2016,38829.53,994,12th Floor
995,Alyosha,Silbermann,asilbermannrm@google.com,375-702-5871,Finance,7/16/2015,115174.11,995,Apt 1083
996,Herminia,Baine,hbainern@google.ru,113-737-2940,IT,2/8/2022,117100.02,996,Room 322
997,Teriann,Playhill,tplayhillro@narod.ru,458-221-9890,IT,1/20/2009,117981.72,997,Suite 52
998,Abram,Gronowe,agronowerp@rambler.ru,462-500-9109,Sales,3/7/2002,58573.99,998,Apt 703
999,Atlanta,Jouannot,ajouannotrq@ezinearticles.com,472-481-3812,Finance,12/4/2021,146815.89,999,Suite 51
1000,Kelila,Feather,kfeatherrr@skype.com,258-241-4993,IT,6/10/2016,61569.88,1000,Suite 87
